filename,scene_label
9d267c0c649e4d708170833d48ae673722_1,Traffic street
483eb6e47b7a4e9ebe349f09baf5d8ba37_2,Airport
7264668a10f44b228b14d8a4ee66b1b213_2,Restaurant
448dd3a084bd43079845558e751109ce10_2,Construction site
45995945c16f4e3db7953b4167328bc357_2,Bus
ec1fb563be804ee3bdd1b25651515edc13_2,Public square
149ce3c28a4f450d9d7a449043c9206334_2,Bar
3289114ac80a4f35bea27aa45f6b77f435_2,Restaurant
da74ea8944614494839ad52dfacee6bf48_2,Public square
822488ce6c8d4ca98284cd3af62eb22944_2,Urban park
b5582a75d589486488bce9debfdcd0b528_1,Airport
44ae0514ead54e24b5e8f881c200633332_1,Construction site
cd7875c76b1c4bb9a85b3a438d57f96760_2,Shopping mall
3b3950ce91144878aa76ab3760e2c55c24_1,Bar
aa18bedd7c0b4c169dcbd96c5ad2987447_2,Public square
46429d6ebb8d42dfa28048f6220fd37b7_2,Urban park
02ab62a3b8554c4eb1c82a31fddfbe5929_1,Restaurant
20ee1bca854d46049ad0b8b01eb153e311_2,Shopping mall
3a02d542cffe458683d8b1019a27fda117_1,Bus
2a642afc5caa45be9d3d154b25b4a91f46_1,Traffic street
8d726fe4dc0d48a18a4109ae0b996c625_1,Traffic street
a158483668dd4e7581470f246c124a0e42_2,Metro
79a0885548ad401ca76d123a1282765953_2,Restaurant
3e8c4e84bde4408ab0ff5efa2af3882554_1,Shopping mall
5e9051818e394fbca06c676b2a2b82d638_2,Public square
19ba49cf5d9a4979a66718f95ab0996122_1,Construction site
283b78d8eb694bf982c565da8554c07c3_1,Construction site
3ce9498eb6bd46ab9077191f040e4b4f60_2,Shopping mall
ce81613569cd4dea98c413ca8b04ac7f4_1,Traffic street
19150adf61374b2dafb3674c20b716991_2,Public square
571435ee8af44c4abb3e41f209cc99fd45_2,Airport
2dabd6f23613404994e7c74813057d148_2,Shopping mall
c98901a00c854ef09ee85936459d81381_2,Airport
7f6fd96a60e74bd9be200b6156a9377514_1,Restaurant
53e1a40a15484ba09f85cfb3ca13baf444_1,Metro
0817d031811c4c01b06ef4e181543be413_2,Urban park
679f2b8752354bc881fe49ec4f5fee2c20_1,Traffic street
5b896fda6e874c5da7fb14cde93c361420_1,Bar
d684ca3eb9e84246952d114d6a3f7c6e18_1,Public square
44592c9b6dc5408f8f53ed98b3736cf941_1,Construction site
5091f9da13064a81ad72b68494223e0d48_1,Construction site
45d91fbef24448c485cb583e2928320238_1,Bus
a45f90f1a7bb4e2f965dc334bbe686a657_2,Bus
83de397099744b8eb2bfa52f577750ea20_2,Airport
a6233a846d7f4463adb76f48ed3cd2da24_2,Metro
4e37307aa1b445d1be07ec2fc22e4aa827_1,Airport
b35fb105fdf24e4d9fcaf332c14459cb45_2,Metro
262c3ad79e684e609d95841b13f0e8af46_2,Metro
561be2e4fe84476aa6fa38abe8372c8945_2,Airport
600f812fb30045e096262fea0c851a4122_2,Bus
c3cb35cd23d140d887ad8761d042390356_1,Bar
5d77c74ea8b04b6d8b5a6764b9014a0717_2,Restaurant
a32c9e985cd54844984f08d6f7b643cf2_1,Restaurant
309a0240fb1e44b180553cbf6b6b7c2938_2,Construction site
9928bca1b7b84972a4ae4a129349e76059_1,Construction site
24402bba893e4228b5e2e53621cfa27e46_1,Restaurant
7e2631597a4e4fb682bec6b62498eaba29_1,Urban park
7289727a79404163a7437191e2e2d49c25_1,Traffic street
91b2ff8bea6b4b04afb8fe1b585afe5715_1,Traffic street
00ee4cf39a2942409171b71c926d071827_2,Metro
a319c9cc9efc4151af88a60cc62c81588_2,Bus
3c9822bff3db42e3b7c77a5c0e4c5f8213_2,Bus
38636b7abeb34bd1a8417182c07e193221_2,Restaurant
d28b98b593a246129f14a5baa44e0c8621_1,Public square
2ab92ed6cdb84485bf9717b4c6ebe8ce23_2,Construction site
a40dda252d4c4677bc99c271cc1fc08036_1,Restaurant
0debfb0e348b43b0bd1d7e11b202501c52_2,Shopping mall
1cac656c24484b99ab700e8ce25ab36641_1,Public square
7e79b802ad83471a96efafe85ae311e128_1,Restaurant
5659abea67af460c818d25448523f67f2_2,Bus
379dd61358d545298592ee798501a31c4_2,Public square
813ea3d5405448aba29af7ffd2e0164057_2,Airport
0d5f6a3c18fe4904a8769e678b8b456c59_1,Airport
8123f173cfaf4ac7a2459b6d6261ebbc21_1,Construction site
614ff0a0a251448e85ffb4c83ceff8238_2,Airport
59264647c35a4f15be9f13d735f042f043_1,Traffic street
89a11007cb4a4353ab7b39a997bd4cb455_2,Public square
b48861426ffe4a57ad9cf575d9f50e7453_1,Bus
038958bae0284cb989fb6bd4b64806e29_2,Restaurant
6c9505023bc84b4989459b986f49599431_1,Shopping mall
a0a460f6478b4144b05590b4524a85d338_2,Traffic street
78a904b5ec1844f8ba6861721c0a91f751_2,Bar
b3e2e057e0364c36b01316f61d12471314_1,Bus
d4c8a1c8ef4d49ab87052c9be8da675621_1,Airport
121432734ec54a469c988d5dbff3ae685_1,Public square
954b342455124c3888fca1b700276b8432_2,Airport
36e5c4254c74460d9ce7d68abfa9f6eb27_2,Bar
bc8a8e059cd2406cae8a5957148a6b2124_2,Public square
79f6d434db4f42ab89acdcf88caa7bd040_1,Restaurant
29f485f8ff6543fdb65c9cf8a90c24b745_1,Traffic street
7533e02bb1684a5699f58d9c9887053744_2,Bus
7b81691a09ea4894a343ae993270ca7a8_2,Urban park
4a4d2925352d49b7b526552314313bdf60_2,Bus
41512ae3d5854a119c6ffc4cc20b645040_2,Restaurant
41b7e04b136340c0a856750b0edde24d32_1,Airport
dd6bf9b914e347baa5aa5e2c03d6f70925_2,Bar
621f2d03559c49ba9f4678eb767a7f8016_1,Airport
878cbbac3bb54eb99f17f627b2a1350b56_2,Shopping mall
1020607f9d6c44ebbd4715ce1ea7c72548_1,Shopping mall
567151d61f22441991c8d6e7424c20c116_1,Airport
b0a84f5012794cea8af063c7b56b74e18_1,Bus
5b9e6c36e32a4f84a21868835b0283d226_2,Traffic street
5c5edfc24de44ab3b4f7ffd53e50148714_2,Shopping mall
b6f682d7134a4386b19d52609d88007f46_2,Airport
5f121858481f4dddaa66309a9bacdbc917_2,Bar
780484390ce042b78ae1970b6943bf6a12_1,Shopping mall
a2e60c2b94874a82907fb8287f7556e740_2,Bus
2646c463e8ae477e98b90b7b313667ea12_2,Metro
80f894dfbc1e450885a81ad1aa16635224_2,Airport
6367b503b5764438bb77efea0b5a90f521_2,Bar
7ddbbd0ac776495e8472c359e9a413f27_2,Airport
a79b034fef6c443db8da55622103183e34_2,Bar
43123e936dd84f229beac3979edf3a8a51_2,Metro
0c9c2cb65ebd42f997041754e06e847c3_2,Restaurant
535404ffa03d4b1e94f0ec3e590879fa44_1,Restaurant
0788d3e159a340ebbd7e8924359662f222_2,Bar
40856d43b5fc4c7a8be9e8c2452c4fe618_2,Traffic street
d6630b6589954acbb303f196f5947c5136_1,Construction site
53caa8c2543c4e1b9514ed9b16c350802_1,Metro
428aa4f3895a45b494103744cd273dff43_1,Construction site
23a649870f3d4b1aa0f4332decf7d2ff25_2,Traffic street
101ff806fb5d4ce3afd23832b85df4ad56_1,Metro
b536d688b3f94941b7f1155200c4f8802_1,Metro
976f73af5de44e2ab9953a7f5e9f66e813_2,Metro
27a6eb5f3b0e4909b2c97a2fca21ffbe20_1,Restaurant
9b7e29d37d6049bf93bfbdf32ffc948941_2,Construction site
d55285ce3699467bb8be1f76bfb8d56e58_2,Traffic street
09a31f2c38af4dafb5a705f0a820043f41_1,Traffic street
53fdca393282479dba8ee482de4bac2f51_2,Construction site
9a7f67f2d5ca4c17a342bb6917cd486221_2,Public square
01d1f1d196da4af0831111081c29d47325_1,Airport
b25550ae19e44a5c853bdcc699991f0152_2,Airport
51e8c600515e441db5c01a38bec1e74723_1,Restaurant
2765b9455e4a4808b9cbfc68ddb2415b36_1,Urban park
5f19a33175c04cc6bfc8701a6f8c62cb56_2,Traffic street
0bdf8cb6b9ac447f96089fa717659a318_1,Public square
180869e60cf744f3920824ef58bceff855_1,Traffic street
2181388ff988400fba8c380ff179cfa549_1,Airport
a10fca762de4494e9e9e8c62da5e6c0d27_1,Airport
5105cda9670649e193a3156c9d9004d557_2,Traffic street
83a0beef5eb74162bf8d1335333cfdcc32_1,Shopping mall
9d94c5123fb84baa93279052947839be12_2,Restaurant
2cdcfaa9ec224e52864d62a66f57b67012_2,Restaurant
16fc1c1022d3460baf616ae60cf1873644_1,Public square
7620a4a5f84641f89e6cdd7d7c7d35c93_2,Metro
4612aafb3d224411b985888ae026ea796_1,Bus
5c5570a544954b389336f23dd843b6c013_1,Bar
0e40dd47f14f416394cc4e1a27b6a09c29_1,Construction site
02116f1d1255405eb214d83e0d334cef47_2,Urban park
180f8c226b2045c6abb6fe8046b6b08b51_1,Urban park
71159d91516b4c368ec2daba582aef5027_2,Construction site
1af712cb9089400b9d887567ea18ac9e36_1,Bus
72f0c4bc1dbb4526905bcf414250b10d26_2,Metro
0b18b3b3d5904b7b88df790da656967b16_1,Urban park
6d82dea1f328472992a6cfc5e9cad25910_2,Metro
2b181e3e3753484081fe3b8fc011e62913_2,Metro
28997d999f7e4a0188ca26b593eb0d9410_2,Traffic street
4314f1f59fb64e57966a76825bbc3f6014_1,Construction site
75e73a9ad7be45b69af1f910aff1bc2d57_2,Airport
0a560dfdbab14869ae903e355f38c54a57_2,Construction site
04922dc751ac4bf987a8a0d569fbf16110_1,Urban park
89e916a346e2486ebe870a98b323d17025_2,Shopping mall
2c6d718e5b8b42fa8f11293a52a8f9df20_2,Airport
8fcc4c32e2b84dc0825865ff563c02a933_2,Restaurant
158b2b24b6dc471fadc49056e078a34f5_2,Restaurant
688147d8300b4b94994dc7933faddf4f58_2,Construction site
6342d703622a4501afd1ea702a735aaf5_2,Bus
10d8f582ce814b688ad6f39cbd535d5a32_1,Restaurant
378467df784b4756bb6f63f07d3ee7bb25_2,Restaurant
3a30d56d8ac046b2bce63e0abb1eb12b26_1,Construction site
0953c1bec01b4731b4d20db2ec632e2214_1,Bus
6e51a0aad40d4a4ea8eb2463663cf84812_2,Bar
694318f835d64f119ec2c135887c532258_2,Urban park
02ea21c317b94d7fbc680ec5d51da18f15_2,Traffic street
586eeb9a457a48dfa54fda16a135814356_1,Restaurant
a03a6a82840a4092be339f9dea9f77ce42_2,Public square
1796c7a9759e41a1a37b1c6fc52ef57015_1,Metro
10274535e4d643bfb91f802594715b2121_2,Traffic street
094e05e498cb4d749c33a0d30b23eae219_2,Restaurant
4e8bcbce6eaa451b9c9291b25b46706e14_1,Urban park
20c80bc9ba514e69a6cfcd4dfbe3f0f148_2,Restaurant
b883b5b59441460bbc6fb4c0a4555f4612_2,Bar
69da0f3c2bbf44d5a0f0d89f299a63645_1,Metro
1540be9319b54e5cb634b362206a109731_1,Public square
97dc6b0ee26e429484c64ac6701536f29_1,Airport
3d871a92e8f747369a912f0c3a50761727_2,Metro
81320fe536104502b473ef1dc3d983d858_2,Airport
00c9fdef22014cc791a7b7df8abad8c447_1,Construction site
ef6f5441a43a48649bbea1e84643a2f350_1,Bar
128e098d5735495abb1e9afff13f4a7531_1,Airport
950119b53efa482fb727b8f38f0fd5e250_1,Urban park
418a98fd2ede4fb389f18a92b8f9876716_2,Metro
931fe0e946b74ca3bceabcbb3ba805d746_1,Bus
783588b7407d41e486120d57c616642450_2,Traffic street
253534fd42a04c509d72a7f2820ab92937_1,Public square
0dc621dd0ff841d7b547c99b2cbf344331_1,Bar
b90899717a3a41348f88c8c2321cd7ad30_2,Metro
4753e1cd32f547d4bf3a377490cc34f838_2,Bus
51c379f4c19a4b059c0c8583ddb80d874_2,Restaurant
23892b027a8f49bdb554b6e33ecf064726_1,Public square
db4306e82fa94cd49a746d877aa5f1e935_1,Construction site
436146fbbaa2484baa2641a5c67ff51f28_2,Restaurant
2e6abca2e6ce436fa7bcaaefd15baa7d7_1,Bus
9f289c42e3914c11b7d50df57fd8425a20_2,Bus
3fc478de71d543a4a8540fe2f5aa032015_1,Metro
8a5ac965723f4327859238a5e61eb3a044_1,Traffic street
6602cf01c80343d6bae56a84b197ee5526_1,Bus
2d3563716e1749419f5a62a49efd65c514_1,Airport
4f04e53e8074408ba7b3bd779bc1a7a616_2,Bar
74ca7486efbb40f3ad71f40baebaffc259_1,Bar
0825d6edc1c141c390d156a72cb29d4929_1,Bus
2f0ae1bc66b44fe4995dccfdbfdbc71657_1,Bar
6a9ee153ad9145038c383f8ed806d43848_2,Metro
ca561e47e9c9443bb5b396a7bea4d60c56_2,Airport
a82fbe5a1e6c4dafafa0d8d6cb6a315a32_2,Bus
67bda19afefc4dcabde39c39a2d5377b23_2,Airport
202fb0c5d8404e20954fb27d8dfb0b6849_2,Restaurant
528fe3353e724f4aa1c26ccba329971a4_2,Bar
30556240f12a490e9370efbacf7af7424_1,Metro
04409d35a6a34851815a17704b1377b19_1,Construction site
ce446a5f4a09490883e5fe054f06b04034_2,Shopping mall
2376d17acdd944e0916ca13dea343b3f38_2,Shopping mall
b46b92ea0fd0422dbf228ecc7e7a54ac24_1,Construction site
4931ab7ad09c4b0090cfc4e3e5e5b89949_2,Bar
6c1a39f7ecdf4b24b25d5902de87cf2a3_2,Airport
ea2341cded97420b89a5883ca8db09bf19_1,Public square
33529b07314c47429c151a38c5f691d312_2,Urban park
9eaad1077bff4e1cbedc3ec7866d923820_2,Airport
0eb73cfd75c9441fa6d70780a909806710_2,Metro
18faadbb61b14a6189c71ade8f2928884_1,Airport
134d4ad81406415d8255d3ba52a67e798_2,Bus
bd81e96347d4459c987d6a617e193f3322_2,Construction site
318ec02708684fa2a72404696e29411832_2,Urban park
09d543114a5948a6a47b061ad03ed69619_2,Restaurant
7bdd4833f27b4225ab56e28e62076c2228_1,Public square
281a5eb90a0041ed888977c59e74d9fa10_1,Airport
e8d95a4afe554e8785648907f509766a44_1,Bus
99523ff62a9a43c6980dec00de05925d40_2,Shopping mall
940d0bbca58c4c11a10aba9ede8952cc37_1,Metro
20dab2b264ce4b08b6020211ac2ff7a63_2,Metro
7e64211590bb4d7b9137b12dcc6e563114_2,Bar
7f298f23f0294b2488a8b956b92a2cbc30_1,Restaurant
03efdfdcead34d97a0b40b1811d859c62_2,Shopping mall
4e7ce11835884c45a75eaa4ffd9412c137_2,Airport
3956ade3c15e459eb49178f4751abf4b17_1,Bar
3a60fe73237240d0b6a12a11f7ae79f828_1,Bus
013525b2b5964d5081ac22681db0edc034_2,Bus
8b5b4b03869a4b3282d8bf18dd994a2b42_2,Airport
cb789643901242d793886bc2c038fe6933_2,Airport
634043b0e6974094912cc5255afb816715_1,Bar
265bbed8e3ca4d00b0a152859e2f14d48_2,Public square
2cb91bed1f5f487eb9f2d489dcf0f9d857_2,Bar
4fef6787809e426da172adecc85cfde934_1,Urban park
2dab267f224b479aae5ca744ad1568c833_2,Restaurant
1a3556000801464a9f50cd4011770a3415_2,Public square
32d797459b334f25aaed7f7c5ab4c12455_2,Airport
20932aed96b84854a3a001f0a796bf1910_2,Construction site
5e30763bed6744ab8e30f1acb90d79d147_2,Shopping mall
0f828e548df1400cbb228c62ecf2b4a251_2,Traffic street
48a8d2dd9dea4621a405ea909b2a6cf933_1,Public square
94918ce85ebe4b829dd413423eb6167221_1,Airport
159715d7cc014395a380622c8ee1b2dd13_2,Urban park
67f9e7244f204ddb9dc5dab5ccb1448a43_2,Bus
91558fa5a7164befa864575fb6ecab4a37_2,Shopping mall
1c66e9463b8e478d83a765604bbe529930_1,Urban park
6981c84861c04b30b1a5ab9d7dbdb97f14_2,Public square
21c0ee27f03047288596e5939842102147_1,Shopping mall
316397559914418e8626f68a6188d68c47_2,Bus
17d037bdb879482aac4d7a3ec3fd6ba656_2,Urban park
41858b8ff75d49eab204ea866785980954_1,Airport
06da312f98bd42e38f29a36c72c6b52616_2,Construction site
126a2a03b1e24f7993e960664fb759783_1,Metro
34d678cbb76640abbdeca602975cf57125_1,Construction site
7f1597cc33ac46c687d92973b0fa67d127_2,Shopping mall
39ee07d589d54fe482ab9afa8503418a30_2,Bus
73e7c157be8a4be68676ffb82cd295a810_1,Metro
95bfad6cf82a4e17988ee63bd8809b5718_2,Bar
1a5126539410416eb47334740d07e7a037_2,Public square
d500601cd5f946bb92ec41306029855e32_2,Construction site
246f7be8679e40ebbd0393ec4c09f1e514_2,Restaurant
4fe09aa9ca9346818734481e93ff3db241_2,Public square
39947a218c364f249d9bbcae489c029a32_2,Restaurant
1ac71ffd5bbd4cf0bd1ca4c805c2600344_2,Metro
95bee8d63fa14bbc89b3401c471a01a723_2,Urban park
41bbf4a8e15d4002ad7f64f6283f41ca3_1,Traffic street
74e2332dced145009d3cc1c423136ec128_2,Restaurant
bf136b19c87243fdafcb931b56ab8b3225_2,Metro
a016d3549bfa4385a5df29c98d1ad65a49_2,Restaurant
0bad94ddf69f4bd19cc9c41baec1cb8730_2,Metro
03592b3be7d24be3b73d5863c37cb3e818_2,Urban park
4f21220d2fae4d32bd968c62073d9fcf13_1,Metro
95c49a9071744c9cb5165d2e61cc5a8b17_2,Bar
7c63dcf444bf4e6587891707f2ed7aa417_2,Urban park
0b1c22d6c4504e6ba5150ce3f719505816_2,Bus
0806c742ccc740af8acf619e42effdfa13_2,Restaurant
bdc90c3c7c9d48ae870aabef5c19e62e36_2,Metro
2659b84e68964792b14896edbc19df1f10_2,Restaurant
5f4f8c36130a4f3596824e7f69a9a2d656_2,Public square
c13f49b0fbec487998fecd7a5db94bdb16_1,Public square
764c1cc38e104aaba25125045ee72b6347_2,Bus
2319dfc4ad8d4634887fd1390e2a9b6645_1,Urban park
a70d9802a7bb49b184951118f3d77b632_2,Metro
01b2a1b11a7f43e3ad6f4942caac5b3253_2,Construction site
8d564c81567b4d36bce28dc71509df4b21_1,Construction site
9e8efdacc6244921abca2f6069d4a0a550_1,Airport
79a7fb276a9d40c48b24fda139634a8331_2,Shopping mall
3d459299a2574f87ac488976c5fadfec56_2,Traffic street
0e86543175374fb48bb0b4c4cbeaa0918_1,Restaurant
00b79938408c4d11b9284edd103fc8ff5_2,Public square
46f38e16a30e4c469a60ad84968d2ac442_1,Bus
04984ec4ec414c8289c72d652df473fb55_2,Bus
022311d1b7f74b33b56c20fc0f4d049a32_2,Traffic street
3d2fc744d92d405b808a32deaa1c989f36_1,Restaurant
241df960bca7494aaef8b70f091d46ff44_1,Urban park
af6e470f80714e0fa54ca18c81f565a66_1,Bus
471fb9c7848441a69e82201532f186a147_2,Restaurant
6c4c619e60a641a4954a8417a137c11e35_2,Restaurant
049ff233320c426e8512271581f0c51415_1,Bus
0c01271df2b148b192f464e4dd4e6f4134_2,Construction site
58b4f03af3054643853e80b57d8692b917_1,Bar
616351e2072947778cd21ac7c160a1f959_2,Traffic street
0549e9873aac440cb847a50a8e164d2c11_1,Urban park
6ee507261b6445a88de204472d73dc3e52_1,Restaurant
5946e4094bb34f148fdf8b84e7197a6450_1,Bus
709f3edfc28146f59841e4390c6a634e12_2,Bar
72e1ade879d54378a894f6296cf245a236_2,Bus
1f6b37c3785843ecb96d642b18acd7d79_1,Public square
62eda8b91a0847c3a9948d1adba1254551_1,Airport
3f773eca216f4484bf4eb3cb784007346_2,Public square
afc68f74e9ae4e4e8d5bdf491e086e2052_2,Bus
71ec5c9b003d4efc883c989d2fec69fb49_2,Bus
2ed4b009b1c44a088151e4a20563ec8f46_2,Bus
681b07a5042c45f09434cb87dc9e632235_1,Shopping mall
45516729e25e435ca3f4a4be10761abd24_1,Construction site
926adf3ac9fb4107a11ac206dfb47cb924_1,Airport
61a068c99a7f466a9820ccf606bc06cc55_2,Construction site
2e41d4e961dd4e919471603483954f4529_2,Construction site
c12fcc34e0c64268a6801405952238ed19_1,Urban park
b095a1a2133f497da18630c05fd22d3123_2,Airport
03d091da5f1d42838af75cd83912760113_1,Traffic street
0c86b5c072474912823b861ce97cf15138_1,Bar
538b289b555a4a7b99f4ab450484a7ab29_2,Shopping mall
8316b53459cb45c28b8d8525d57819dc42_2,Construction site
0068a9e1af25481e94a8fbdaaf16ee1640_2,Construction site
18040cd1dcd24fccb34ba9107ab31cd235_1,Metro
98e2a63710fb46dc877ec1da15577a7114_1,Shopping mall
883e7f7f95b44d26bb6d9635bb2dc00e39_1,Airport
a003a42f835c4656b9b0afa15b7a709632_2,Public square
bfdcd71a03394d2992ff5cd151ab6ec55_2,Traffic street
90e054e66de84ff3948d1a720b4841ac9_1,Shopping mall
29ad222d44144ba1a7b8d21e0a9ecfab52_1,Bar
10277d46235748f19dcb70b26a994f3327_1,Public square
c086d13228fd401bb07181c612c54e2615_2,Bar
70f603ffdb5a4baa8fc93e29adfa058135_2,Public square
5ed84cc1b0554ca9a8c603a9d8bcccfd39_2,Restaurant
dddd3ef311a74d76b9fa8efb0a57371f11_1,Bar
5684167951c44142a4709dc3b9e173db44_1,Urban park
75365dad8564421fa389da14750776fb3_2,Metro
274d1fcf9b604a67b08bc431846b8f6f9_2,Airport
0b0778d1417a40c6bc82fbc6d9a0f5bb53_1,Traffic street
be4e17f2a5d84c8faefb94e878c552c830_2,Public square
25576b51d8034bf9895dd9855e22059d48_1,Airport
3e9ae00ac8f54c77b26890554bb2b12920_1,Metro
3f70e3b1403f46899360d3fac793b50834_2,Restaurant
65d8131dd9b74f0b89074226fdc7f5b640_1,Airport
c9e35c9f55014fdeafd50cc799a85eb312_2,Traffic street
06899f7e30414cf5a9cfd6847f8c839b31_1,Traffic street
8608682170304cbab923505bf86d82d229_2,Restaurant
4f4556a457ab46ff8fc4d9754e8b87d64_1,Traffic street
bbe0fba041f84862ba5a0727862df41925_1,Metro
6cf21880af504447b3c9826118f9739331_2,Shopping mall
70f2bba410c44703b02e428287e9272629_1,Airport
2dcccd49519b4d418839d5eac603ecd653_1,Construction site
6aa4ab5b0bda4dd08ac1df52842f9d5e48_1,Bus
93eabee64cfe44bc80877cd33f097d2933_2,Urban park
7fc5b33ac2df49a1a07c2f9fd02d949533_2,Metro
402cd33dca28429294e244c70604837937_2,Construction site
09b57e5ca1134cc9a3a6b21491b16e3926_2,Airport
9711d98da20e43b8a204f5ca9a18232b13_1,Airport
f4469454f63e44a9867791192020fbb910_1,Shopping mall
40a07ce5775548d3826adfbaff9b925b24_2,Public square
776d812cfa4a4926b210d5d28188c7c437_1,Airport
103f0e9f7cf74ee0bb2a4ccef233008f11_1,Urban park
a08e3798249b4c7b98076b695f69e3ba18_2,Bar
e63d8e2bcee541458a80aabd0b1690dd7_1,Restaurant
8028a6ea3060457f95122e71c652abcb18_2,Restaurant
71974e100c6c4b2db149014899f825f030_1,Restaurant
2f261d876b514bd5a57658b1bbbaa7c938_1,Traffic street
7321099c8ec34c699b76930217286b8855_1,Public square
1ffb006d7b894ad9ae6f57529ad185bd49_1,Public square
b0907b6b14cb4187acbe98c02774493535_1,Airport
baa972f29641486a82de9d86350a88986_1,Airport
3eef18a876d34f4ba3ab42f0e72ec17311_1,Metro
0202405457144d26a4c014aa5ec53d2957_1,Metro
78954b144da646238831d30d7da22b9057_1,Shopping mall
40b1a673d5674697bfa80e170cf199ec11_1,Construction site
26cc63a7d193436cae19f239fcb26d8032_1,Restaurant
47b0d62729d945a59c5c0ae34d6adb4145_1,Metro
6a9cce8f688b4aec9538089b1974476f41_1,Public square
ad2762dac8244abb96c547b7da0645ad39_2,Airport
2b75ec92b16d407586e7d3ea3a725c9858_2,Bus
db279ac8beb4403dab61d2a6add0b4a452_1,Restaurant
2db96cf71bc64f70b50bb80b08a4394351_2,Restaurant
1dbab1a081c6455abab5f7e4068cd93729_2,Urban park
0867bc3a199b4f59a11a4455213b6c2635_1,Restaurant
11a9801fe0b64ed884217593b1c9a91e51_2,Public square
1bbb30a928974c85a19fdf4d2aca919f4_1,Urban park
946b041acb424f64b87ef4000e799bd17_2,Shopping mall
7610f98a0817405e97d4bc75695b88e010_1,Urban park
85c927788c59408ca559c47c7a208a6e8_1,Construction site
82b17ed7709c488781677b18082f1a0f15_2,Public square
5ababfca57eb440fa0d5ead84b66e86339_2,Airport
363f018cbf6f484488293ee657dffe0124_2,Airport
4dfe02f4db89460c9fda97c7412e215411_2,Construction site
7aacc5639185415693caf479a1ce427d18_1,Shopping mall
38f8b8a9ffab4909a46bf4060bfc04c212_1,Metro
3e05d5f6cced4201bd607faa86e2c24835_2,Shopping mall
97d062e644484ca798f569760c174e125_2,Public square
c5aec3bdfef5469798b1d81096da66f931_1,Traffic street
5b300a65499f4fc19f8b27fef3ab306d31_2,Urban park
0b8708a909ef45c88e752e6df735541d16_1,Airport
17dd496f7b3a4d77914dee3ce3df85ee39_1,Shopping mall
5c09f74584794fd9bc9a2a546d1c637e43_1,Bus
5dce1bb3bf89496aba09538fa7ebe5f023_2,Metro
5f6d01da3d3a4ccca0e7f9a3afa369c134_1,Construction site
59c6696f097345febe52de3181218ca925_2,Airport
c6f65aa2f1f44335b8f3a1f77cf756a630_1,Bus
2531d97f517a43ed9afb32bf3211c26b1_2,Airport
712b07657e8a4027a9589e2387c2ff9b29_2,Shopping mall
3d7947df72a04ca0b145a27660250f9916_1,Bar
9aa1618b7c3f41baab71ed0e304ac4c620_2,Urban park
3f1b42e643e0428ca63dc2cbe2d1cce260_1,Restaurant
178ed7b1894d47099571af05ae4f0f2953_2,Shopping mall
34722f5e2acb43dfb6dca94afce1369825_1,Restaurant
878b2dda6b4541b79f3b0806aa9d3a4932_1,Construction site
d09d90cf3ec6443a95d7137629818cd538_1,Airport
3bc0345216394058b98b6dec01ddf9bc35_2,Public square
98d7e1d6097749008d334e4f92793bf92_2,Restaurant
a89cbbe443074cfdb7415953511c07aa45_2,Shopping mall
327e4c836d9e40f287364923ede4e8bb33_2,Construction site
1a570f3995734032b2812589bd42161157_1,Construction site
217e22297e0c42adb380cffc58dfa63260_2,Airport
06338f6c7b2c472188b5fa6eddb8aad848_2,Metro
2f8f405d99124105ad1bd8b4612b85ec50_2,Construction site
0ad154864cc741ec8a5233d30408efcd43_2,Airport
88f9a0f673c346c3855e568e7015308c59_2,Restaurant
30a2e88a8fb4490da2dfd451b74eb24c53_2,Metro
6ac05cb39c3b4cd886029ccf365fa8cd1_1,Airport
5372e1b1917b4aafabe5119ddabf23009_2,Urban park
d3150a2e29e345a39997e7b02b1b534655_1,Bus
9b53a76b6d594bcc8b94210fa8e0508541_2,Bar
19cda5eff90f469f858b4506d6a14c3726_2,Bus
d9c2ec101818465d8679a790230811f851_2,Restaurant
11d9f687c18245fc9b8bceeaf548631713_1,Public square
1d65921816f148d99fdaef9113907de956_2,Construction site
a3c9512360204b90ba716b6e0b2a0a6348_2,Construction site
004022959770474199f3e5e1725f69a860_2,Restaurant
1af7c9680eeb4eb79713165c3710de6919_2,Bus
2e5827d88b5844f38b7246a00bebe36516_2,Urban park
75ed5a0b16ab463ebcf366f39d05c79b3_2,Construction site
a1d8595aee424ed59cbaa4b1a273a05859_1,Public square
47ace062d1be48f389747147744c87d020_1,Urban park
568802e360c0486faa1728a150479e6f41_1,Airport
64d63e0c3eff4ce68be718565771bdb039_2,Metro
0c58b5f6c8934479b113ca1e219f241510_1,Restaurant
931c545d205e425ca0a6f56903832dbe25_1,Metro
152b6f40d3a74a2989d09012458b457121_1,Bar
d3ccf1ddf59f44b5ba48affd3ea2d6ae11_2,Shopping mall
a254236478e6456290586a77c3eb82bf2_2,Metro
8474ad809f7f4fd584eac6571b48760437_2,Bar
cfee29aa222544c796fa533af040a44e21_2,Metro
3dcdcd5e40cc43988a015e205e1528d252_1,Shopping mall
2853f093048241d6b13befe058d3a9c55_2,Airport
0fbc805efe9b4c02b038ab918d3bac4240_2,Metro
88ef1a4e01fd469dbde85738d5196cd348_1,Airport
24b7eb3b785c4c6eb86257b16a3015b327_1,Urban park
21e22ade421744b79ee029036f83641228_2,Construction site
8021d7a8c1d84ab68136bc6c7e60709917_1,Bus
dd074c9f5d094090a03bb3ed23eabb2f57_2,Urban park
39afcda4b6e34ee1aa9b7b81ca1008ec21_2,Metro
57fe5a8bed4d4bf3a95b9f136432bfe244_1,Urban park
77bb8fb9b26a4700863bd72b606d13ad39_2,Shopping mall
0b18f7da4d3746e795d3ae1911bc736852_2,Shopping mall
90290be409854a0bbd9e1fcafa352e5036_1,Metro
3a5dca74ad604f8b942df63edf464a8017_2,Bar
3d483f4564474b7287ae45d0b8420ca415_2,Restaurant
73a5abd32fb042bd8881ed7b2c1641117_1,Bus
8c22290b3971426ba648c9000b450e5552_1,Metro
2866545536e9460bb497e88d291179ca28_2,Construction site
50c653bfe0084398bc2b75f67db7173c9_1,Bus
59b7adaa5c2242d68c04bff4d0ea848a34_2,Traffic street
090ba64b44c54a5b98254fec6a52a55253_2,Bus
c9baf07850ad4c038ac4e2a6167c28e151_1,Urban park
3f95ef8ee8564b96859b1dcf2bb3e2e76_1,Metro
011cf9f9ecdd47c88955b55eb12d65ea2_2,Airport
c747c8e2ef514c23924df6af077a519836_1,Construction site
e67f094af5a74a4a9c7ca9b047c50c8d12_1,Public square
1537431b1274433a8243f96aa1e570549_1,Bar
984b3a10f028442d90500bc64572d08713_1,Public square
75d5f16789004718820bf33d2b47216f36_2,Urban park
b42dcf2eaf014d21bc4db0571b5b6bd56_2,Airport
8555436caaa44272b2fee8905d78d65c5_2,Restaurant
35ab78c7b7924fc996a3c31047e85a0a31_1,Bus
c50bcea0950a4dbcb0413eb4fab30e9532_1,Construction site
d2ac9e7bd45c4e52b8820703ec50996923_1,Restaurant
1a6579698c27432bb87d8a54fa66174949_2,Restaurant
499acb791f0c4841b47829eb09f8e41d52_2,Restaurant
57ed68bf4cc449a9bfe19f6317f30d9a2_2,Public square
64998ca13593464e872177dd58f5cc884_1,Shopping mall
c6a18029f4f24fcb90c97d28f9f337bc7_2,Restaurant
b0b46d7120ca4061bac3554935a46f4c45_2,Airport
10bf337a88214fb8b020b4d4214ddd3833_1,Metro
57a045b5d56942e28139a991fc35e49943_1,Bar
3242592897ea4f9ca54c24a184706bab24_1,Public square
7321855a88bb43d6b719cc6d0916e4cc32_1,Restaurant
7cf359a3ab6849f78ce4da59a43bdcfa3_1,Restaurant
456c89b05f144470a1581d63eea22abc54_1,Traffic street
8a0b4d814f254a0b82ec7152870e6d9315_2,Urban park
0f5da88b64d7407190661601b42890e150_1,Construction site
34b91d523ac34a6dbb9a0ed95192661c16_2,Metro
0ddceb3851354fc18af87b24e1cf92b428_2,Construction site
781dfdc16a6a4934bb23c38ee8360e659_1,Urban park
0c95022624f744c7ac71cf4bf0ebb08439_2,Bar
3c4335c312c44dfbb3741a3b6695bb4f8_1,Bus
48d2ad1ae6b545b18d92170c530a68bd13_2,Bar
b3c2c96b9745422db4eff939bec1faa938_2,Airport
5f9e6f7a770c474a9a9803735c96a30d24_2,Bus
311eca3456d84ceb87536dd87233ed0622_2,Urban park
124607c64ea54492b3c5e485a4576e6411_1,Bus
4e6ae1a6beef441ea340f0f2213aa3e748_1,Metro
203e79bc2ddc421bbc6864e09bf2a04143_1,Shopping mall
bf6a25f095584011bad81856196019d121_1,Urban park
70e766d5dcf544eeb04078bbbe542f9124_2,Airport
32e457c1094b47009a3a44cbd9df2ae830_2,Bar
1f167d0565df4c7bb93a31033f18421828_2,Bus
39d92f2fe78a44b0b8d364b15b39bd3812_1,Metro
e89550d9b11c49c093dadd401fd1579044_2,Traffic street
199d3055b2474f379b43dddae7ac366232_1,Public square
789e1359d4f9425eabcf5db07ee5e30c57_1,Bus
799421224a634571b2f37786d8f642de34_2,Construction site
165a4c0da2c1442e83dad74a8bd6a64615_1,Public square
72030130f3374aa79a11399de7e83d8b28_2,Construction site
051d8b80a3824be3add0d6d80ff3b48227_1,Urban park
090d46ac47da4a79a552e9bf7e4a260b7_1,Metro
3affa69c0af146fdb1cc371f6a8d11184_1,Metro
6090911f5fef41e58a69059a45a3281e24_1,Restaurant
62179caf7b684b9084875b973d34991d59_2,Metro
23edbd410ff64beb89f82504e075fe4037_1,Construction site
494c302d25f74d609017c22c282478e852_1,Construction site
9b02bb20af8e4f42842b304bdd5f8ae730_1,Airport
b4c39ec418434092af5516a198895f8558_1,Metro
2202125e2a00497a991ca188954744dd58_2,Restaurant
4f6da4aa84494d76a5ded60b979b1e7241_2,Construction site
80b5d09cf919440e80b522fa0ed53b9753_1,Airport
812e0625050940ebb27accac1101013a20_2,Traffic street
a2f10b9236024528ba1d0e3441bdb0d66_1,Traffic street
1b6cee77b3c64bef93be663f6272c4dc11_1,Airport
251bca70105e4267aed634bb8b7a61c256_1,Shopping mall
14a3f3de886d42bba4f9daeee71a712030_1,Shopping mall
39d01eb3758640469a5cd7fa17a1cf4c47_1,Urban park
08bf6512cf114c56bbf7f34fd79a451f19_1,Airport
196f108dd12f4e03a9c1e208d7d0903d43_2,Bus
110c08f022c14e96b9255cc78446db4724_1,Urban park
8401edef060648e4b4f80bcb9147700718_1,Airport
146ede86ca7546ddbdb64615461cfcb146_2,Construction site
40ea3a80a3054144a61941bcb479687c31_1,Urban park
0b63b06aa4ed49a188b597618a703a4c41_2,Bus
103f5bef02cd40f6b93b6491082de0e224_2,Shopping mall
07eba16f636e4988aab95f0e53e3dd6d2_1,Bar
604043ff72b24d57bace885e8a9f0f5d5_1,Traffic street
73c2faef3dea4f15854061116a2f97d058_2,Shopping mall
60907fa13e14454a99db10ffee422a428_1,Metro
b99ab27932ba4a2985137b67cc18783f39_2,Restaurant
31449444a1ce487b838dc3638c57f0a730_1,Bus
3ff52782e6654063ba41db88e073663137_1,Bus
1c5af94421e24886b5791a66eaca341d53_1,Metro
787786377d194ef6afcd6fe12b28d56e31_2,Public square
12e98dc022684539b321c7c35af6cda139_2,Metro
2e22839142eb45c8a7da7da7b3c44d8d47_1,Urban park
763ac940b85b4132be2eb386d535e13924_2,Airport
41dcd3d74ba24e8cb204811b0472530833_1,Airport
e73a783c10b14c4985445d70f4c8cca914_2,Metro
4a861d4725214c1688deb4402271499449_1,Traffic street
261738df3b6845de886b55b2d29fd3ef49_1,Shopping mall
9c96af5abe044c37b8a3219906872e4b23_2,Public square
716a871bcced454a931eeb63d2c8741f56_2,Construction site
33f046e24edc47c0bb9c89a5ad34d2f637_2,Shopping mall
384ddd5dc80946ba8a0182a7ead0e25a10_1,Metro
b909bef5b0264382a3d56afb8edbf42332_2,Urban park
00e78a371dd24743bbd1aa6ffa78f32046_2,Shopping mall
06a4f243e03e4c84b02c911d5dd42d3538_1,Airport
60ead25c0d0e4b929460fe5d8cd6173e43_2,Airport
332359fd55854035af3ec155278b75d129_1,Public square
60bddc5ed87841d4b1dd84a07e9375b127_2,Public square
438e9f831a5d4dbb8b5496adb357d33443_1,Construction site
85fe2c36b2ac447380b5d6352efb763a50_2,Bus
197981abc37142d2b36bc8a2528d141c37_2,Construction site
d3b3cc888a614693bd4a3a683f40dfa149_1,Traffic street
b8e177aa08a4404abbfe18d63a71f07042_1,Shopping mall
5128b50782ff48adb587ee3f09524a5e57_2,Public square
3ffbb561827d4ab6b85d4b2677a627c16_1,Restaurant
5c08e2a7c7b147a68213bd7bbf77bb8d34_1,Bar
0ff6de5e974849e0bc43ffd0473c696e52_1,Public square
0ac66b435b8f4f34a3f31323130e7b3541_1,Bar
1caa07a5cdaf4f238186e881646264f417_2,Airport
420873787bc4483c921c16ecba71250747_1,Public square
4491e67e79c74ab3ad692acb592f3f4e1_1,Urban park
1aac5a28bfe64a5baab077d37547b7a77_2,Urban park
f5ef292d5075410cbf3bfdf0e0597c7d27_2,Bus
8b645116e8044ac78ad6054137ea001758_1,Metro
4021a1afcbcf4827874ffb7bd131794145_2,Urban park
aaeefc81bccf453dac1e1f9f93b126c034_2,Restaurant
27b396df7ef84d26a7660a4387c4a43b10_1,Construction site
7bc4dd969d914456b6f8b746c49f964741_1,Metro
7a3e58f1ece349a481584597e27bd0f99_1,Bus
11a0bbcaec234f018ed89751081ae55720_1,Airport
67d21c31390546998ff4cadc106cc93d55_1,Airport
08b9244d76864c3eabd64822c040a0fb44_2,Construction site
e395e4f6d71c4b6f915db9caf8e987d75_1,Airport
d4b016e33e1e4737b58ad7cc871bafbf38_1,Restaurant
4fbb43c66fae4c3fb14a1b2e843102d345_1,Metro
02d87ecafddb4830a735b56088403b7b5_2,Airport
7f2b8cd189824bc29e6ee82efafd2e0846_2,Traffic street
6e8c0e7d5d1345c4b85e09996afdd18230_2,Urban park
177244a731024c33b5babcf1f3e4998947_1,Restaurant
3867b8ccacad4906ab6eb10afc0c563441_2,Shopping mall
9aa6d1f6da5946dcabb9cc3e8fb2a9a823_2,Construction site
71677854d2e64466b66b309d59665bc010_2,Shopping mall
115a6b5ec13c49d6837946f0d5b1cb294_2,Urban park
016cae3d8c824ed5897d055e33966ab836_2,Traffic street
29c06ef869d14377bd877255a6ffd95715_1,Traffic street
b44dded1aec0470ca065b11a0d0feec851_1,Bus
236947068d794e4aad332b6455574ec851_1,Restaurant
589d2c50ec2047b4a044ce2c09110d6642_1,Restaurant
766db47df3e546ada18ab508746efe025_2,Traffic street
30678f18a6874675a998e7b335c8b27b56_2,Restaurant
6a34d2194d9149a084629ede3cd676e730_2,Restaurant
04bafa6ba7ef43cab847899bd2db18c444_2,Airport
5ba208aeeef24dc081ffbdf77f057d7f30_2,Bus
2e5afa23b90a4cd39b6ac175d7dba11f34_2,Airport
0c31403b5fae48958824347c0a1951ac35_2,Shopping mall
54ffe40fec2b4660bfc6fe8684a5dc8a38_1,Bus
04a3f7533a49443f9cd39830b14bf7fa22_1,Restaurant
5a25e0bf05cc438982c11fe973de2f6428_1,Urban park
9ba0b20d299a49129bc5bb03fd8de41515_1,Bar
117c8648d3d4469ba792c63d6ca4650f24_2,Metro
cd20474ae0f54c6ab9a35e827e01564843_2,Public square
691c008c59a940b283258306f081b56536_2,Construction site
058eccc627c74f85a338d7296e346e5645_2,Bar
37dd05549587454e91e4a08d5401ef3412_2,Bar
a52ab7056a884d458520b67bafc967d814_2,Airport
1adabcfaaaa44fcbba8697a1e9d02c138_1,Traffic street
0d4e18cc2a024484a37ca363ad9f7a3f29_1,Bus
32ef141d31204b2c88b49ea9b9fd2e0b46_2,Metro
0caa6c959bb5437b91ba97cda49e04aa25_2,Urban park
2fd160f58c7a4735b84ff8172605f71b35_1,Metro
3b9c7d13363c4e33845ffab6979b1c6948_2,Public square
a7b70e0035f547f0a75388d7c181694b38_2,Urban park
05acfb34adca46b38ed01ee4f91097d623_1,Bus
58e4585a71a54f73917db59e9f6330d423_2,Construction site
af0109c262f340a887c673180f90142433_2,Bus
c2734dde22d3425fb0fd7bfd79cf4fd412_1,Metro
3f5a6c9ef8944318a292f0fa41d3952714_1,Metro
84d07ef0504c4c179247b4a49ae16e523_1,Bus
0cf82a89fa0f4adda8394c496abad93450_2,Public square
ea550d0d1f054117acafa366575b6f0147_1,Restaurant
85f0895c82334e2da474518d20d819ac55_2,Shopping mall
0094b0116ba14973a80477eb0d71fa0c47_1,Metro
a4d15e3eb0ea4efc99cc89ccfde40cb312_2,Construction site
1eec4c14d8fd44799eef3c9ea6283fff50_2,Restaurant
12f00c1256ff442d8f86a496ffec7a4f3_2,Restaurant
d309af8b856a43bbab9f2eda31bfafd041_1,Construction site
078a7082c65f479188fffd7ccc8b1aa648_1,Bus
1767b14779f3428ba389cce2452e3a7a10_2,Public square
4de6b643f0e04c1e92df582012f89f4f44_1,Construction site
5ed3ce46e3554e5f85f1e6d51af3dfe020_2,Bus
cbd2fdfbf1224935a883d75d42d7d96c5_1,Shopping mall
0fffbc6a8e19417289e85364ddfc7e2e34_1,Restaurant
6a13a7e32f3c4072b397e4c5a022418a4_1,Bus
4de9771383184ee48e067699f3a3bdb234_1,Construction site
6dab33fde825438f86d5ae4fe7402a562_2,Airport
0b89ca4901574c74908c60c535018eeb38_1,Traffic street
943287557f82469c967b39d0ddd22d9a59_2,Shopping mall
6bd21f5130b74c9fb20fefcaef9da03e36_2,Restaurant
1c08cc91c8d141ae9ae621f1390fc5f78_2,Traffic street
251a335f372b4dfd862f18953f9c0adf13_2,Restaurant
2f42ccf65448445693b2b6d38db4457721_2,Restaurant
46e45c588e38498ba45a9185d7032bc318_2,Shopping mall
3de43c92d6434f83a8df1e266a682be112_2,Airport
3b25dc2620154146b4d7568e57c25c0c29_2,Airport
7786fe626fa549faba782d64a12f391f25_2,Urban park
2c3b4a1d023a4192826a4f5ed24c50b324_1,Public square
355b850bc74c4e869e982d0a843f37a618_1,Airport
c3a56d5e522547998c201c50d04c533e58_1,Metro
23904b050fca4958acfe40a06f681e2a36_2,Restaurant
1e7e721229be4bc7a7130f803e74dca52_2,Public square
6957e25a0cb5495a80fcdbb1eda59c7d30_2,Urban park
055671909d3642aca66595b57409c9dc43_1,Public square
69bb43ffe84a4b95bdf0d521fbb4be6834_1,Metro
92322edf3aaf4e45b28bc481d3ffa16c27_1,Shopping mall
707de34fb81d445abc1f0bcf5ff8805258_1,Metro
4a35ac363fc34a39bd4a9473a09bfde628_2,Airport
d702d40907ae46ea9e3e873ba1c4da3b60_1,Bar
5976c9561290427f9b1db5c7e312384155_1,Construction site
10b47d151a7f4bf0836be1875023fb6f8_1,Public square
1e6d40e7c12d4f9a9793c307c3a81e3324_1,Restaurant
35c4f54499cc40cf8ff830f7e1198f9439_1,Airport
1ae635657a154ff0895428cae82520344_2,Traffic street
4eb88cd8ec3a4d639e1c12e458de319b53_1,Bus
7cd101c09add4cf7b7fa32981dbf88f943_2,Bus
2a1ff80797f94fd18ff548456e1bb13547_1,Construction site
83abe1e2adef4344a5f09fc5ef599a3619_2,Metro
7b77e4d029014a3a9c7e412f5b7631b013_2,Metro
0977b8b1d57d42f3ae277089c85bf60d12_2,Shopping mall
3c8e68b32a524ec38cb70491dde6586949_2,Traffic street
7c44d455a6864344b031ff3dcdb941922_1,Shopping mall
7bffc3d247bd4ca3ac71a606241abecf7_2,Bar
b48af2aaba7346baa422e3bf45123cb215_1,Airport
954ff6b7b9874f1487c31a7bb7b6813430_2,Bar
6dd84c60bef34911b82e49c2d4a2c32355_1,Bus
83619a6afadb4b3bbc2aba906b8f9c7558_1,Public square
a45610b44b2b4fa1b1d330851a97cdc948_2,Bus
3da7609b797d4fd09c74a12e0f2ebec928_1,Restaurant
046dd5018cd24f9b8d5c34dcfe30c7f413_2,Airport
bd6dfeb0189b45e889d75407496d8d5e23_1,Metro
86a7c91377a94309b21d5f249110e00b22_2,Public square
995b86f90baf40d291a59f6c32409c7e42_2,Public square
7b8575f7bf7d427ea483aec4cfce70a77_2,Airport
16c1b99cb7234dd6b6e3fe49dc72caac12_2,Bus
29fdee57348f4be4a7569d7a87f988a114_1,Bar
27d78e4dd22540bb8b8b0c36f2a1db6521_1,Shopping mall
3ba620f4a4f846a2a8c5a5e56340c18a54_1,Restaurant
3d294488bba54364abb5d7ef485314e810_2,Public square
a2d28a9a3b65437e82a3221b4fed83b74_2,Bus
38b0079919ee428ba5c27d95d678952235_1,Shopping mall
ce7ae460f863478b80de6d0ace82794136_2,Restaurant
564ef9bf54ac4a9ca8bba5e63b20ec624_2,Traffic street
12a6f57da8184c368036440b5c14cecf45_2,Traffic street
09c60c244e484d948f11e7fa2efc158c38_2,Bar
3e41ff6cd3f441de988317568c540c1658_1,Restaurant
081ea0106718492f8a9310289284e70e59_2,Metro
06fa3ba9b06a46ef8383ba879bc6b52334_1,Traffic street
83c88c63a1f24ce79469228b5512476611_2,Bar
0887eed8b3eb4955a8a2aa2988a19a0a55_2,Bar
3b117c8f309048569b664118e79a6b6943_2,Shopping mall
a2ec4509ce4a478284df4f35f26ce63e51_2,Bus
b1df4471922b4d6b8c43ef10a486425d26_1,Metro
10d1f2be3614436ea1e5652698e5045757_1,Construction site
9ea4bee512de4e68a0557bd27d19edb754_1,Restaurant
4b9c97e4e5624dd09387f74dba1065b822_2,Urban park
3699fa4925f94ebe96aede317cbf04db57_2,Metro
52c656ca67d34f6a982bc820bb2aea7834_1,Bus
8d8698b80f1a476790be6165ea5ec9e33_1,Bar
05701621845b4c66b5831d77d6fe454f26_1,Bar
9dafbf8e7d124b19bd5aae38cbc678b648_1,Construction site
1db70049202e44ea9be396e4731ac59b27_1,Metro
7c9d4b32aec348a08f59ffea8da1214b13_2,Bar
29465ce6edf341a48f6e29b39e71857422_1,Public square
5af6706735f14c8aabeb81b79e4832911_1,Metro
58233ee819d6482c8d40fa4357944e9258_2,Bus
b34c3ca53bdb4babbd5428c5624771c425_2,Public square
42ace48dd8874d4bb92627ea1214833637_1,Public square
9689a3b6e8404c938e782baaeada071327_1,Urban park
34a2420ea1cc4a96be49d06d1417a1ef30_1,Bus
0b093dfa39664c95bf6a934eb219d4173_1,Bus
049d4bf4b21c4fbb9d4cd6a954c1fdb65_1,Metro
4a8435cd756b49ef9698346bf94eb5dc51_2,Construction site
0ad735be0ea14e4b8315f8cb7b733f9356_2,Bar
91a12143b14d4ab2abb39727ed305dbe17_2,Construction site
7f028cc88a3647a0b3335b9ad0eae3ee5_1,Metro
6f19fdf9b06d48c5af6bc701fb1dab895_2,Metro
02962574eea741ee85d342d095acba8345_2,Bar
c16b0634feb74350968af11dfe4318d318_1,Urban park
1aee2277222b4014bdb196b86e51bc9d53_1,Public square
07b7ff73c457412bb5acd09c72b6fb7c19_2,Construction site
0c836c954e4c437ca96917cf29a9b47e50_1,Bar
6eb3f1f62907405ab4dba8019fb796f135_2,Restaurant
12ebf4f32a2a4f58bab1e495d5e3255f45_1,Public square
38d1943e4f954b9d84a1714eef47cc7e60_1,Traffic street
b594cec326a14516aa6d748390ac00332_1,Shopping mall
2124fccbe26d4c869219b7b81874bdc131_2,Airport
0cf6f734466d4f5aaef936ca0f925bcb13_2,Public square
86cc9eac3eea4a4aa77045e01d94b59546_2,Shopping mall
02743addabc341d2be5cfa7da6f66b2b41_1,Airport
67c66109063b4c8c85529001a5afe94716_2,Airport
8b9a57b0f13c4500a07b45f5fd69318a59_1,Metro
5031187cfd7c4787b3898988d7929df88_2,Bus
33fbfffcc4224e13967bf449c5ffacbf25_2,Bar
0bf4f48107634c789da1a0fc03c7244041_1,Bus
30db382dcb5b498eb7b6ade7905da54522_2,Metro
42e03cc8cfe6419a9f93d127caac061148_1,Airport
6554f872b20d44c9a258abde0b4b1b5625_1,Public square
41bd8829d29142a6b295090cd77a47a628_1,Airport
8f6906cb6c19456a887249139189dd4e60_1,Bus
233bb89626524e3bb0dd20783a61b69f21_2,Shopping mall
6851d66a5e2646eaacc60ea2c9f68fa457_2,Airport
265f2edb95884c3fb43b659ed0e405ca27_2,Construction site
6914eb5dd5d64bb68d81cef21aa1558e2_2,Bar
724b47f9ed4447d0b7854c7d98612a1b23_1,Airport
9c1a50f8e1c24df283012da1a749301d6_1,Urban park
75f152e10b12420091ef355a0ceba16821_2,Construction site
651d8badef9a42bea8575e6522ce6a1918_1,Airport
1011df6f8dac43bb8a8ef88e5118663546_1,Construction site
76492b9bdaf1415fa091f3d891f1d91324_1,Bus
33b5c2939e5d4390a20f47f00d53076537_1,Public square
abfd350f6e8b46538bf4c7e70ea95a4348_1,Metro
e4a53dab29ac4eef89ea79f134e1746321_2,Bus
d7ba54a2011549ec807aaeaa03edbed049_1,Metro
63a384adaee548348d8812442748cf8e39_1,Airport
43a8f95ef253402cabf1584a2021ef368_1,Urban park
6b52b9758d354d4f859687839618e26554_1,Restaurant
5056cb951d70419581dfb6672b72392918_1,Bus
904bf46eb8664650acc89f4ee0d681f542_1,Restaurant
2ca6277fb8f24a338cc8e6093b46c9173_2,Airport
59e454e3f8e649738964be960f0931e337_1,Shopping mall
8efc42b423bf4c3e92a7a1562035743f53_2,Construction site
00d8b909aa3f4d50a6d81c1eba7f15b830_1,Urban park
17dd96e1471943d6b62368acdec8b21613_2,Urban park
6ebbad03f4a94ac0a5d29fc21c619c505_2,Urban park
7d30c17eb4a04217b3b9e1d0dcc2f4cc18_1,Urban park
942239df80064a2098f6a8464b138cb027_2,Restaurant
42df959193704a67be2bb7d1176f0a2452_1,Bus
0e782626c6fa41e5adebeb47ff50fbdd52_1,Shopping mall
129a4f9419474f45afe216530e50b8c533_1,Airport
700eadd5960746f0aeb569f1e19215cc25_2,Airport
0b4a66ceb71b48eda1856ae7e94a88a825_2,Metro
8711cc1eb0c449ceb7763561c47073157_2,Bar
ba23aefcba4949bd992e5fb3a9f87cb030_1,Bus
1e7c26277f7c4192909e90f664b303cc49_2,Public square
e0773f5a31804429a144dfc99ac89a3b24_2,Shopping mall
388465d380b44fd594112c781bfeee8e2_1,Construction site
32288e3c908b46a39d28cbc30a4784f215_2,Public square
9dcd92adf3ad4a76a321db1ea4a312f215_1,Traffic street
0a0b280ba5b442c6989dfb92828620af3_1,Bus
267fa187dea540708cf065c0c242aef739_1,Public square
49e3f3d5efc9478b9f07fded4b6e5f0536_2,Public square
1bc2f2a3a4714a188b0c7ab84d5f7dee41_2,Airport
58f45c300ea147a090a8f254379763ae53_1,Restaurant
1049d33770564e78898e4950c68df0cd5_1,Metro
904df853b5cd40ef928425909f7ab0bb46_2,Traffic street
c2440a4fb8b8441b9b70f065cbb8b2df59_2,Bus
7dfdc1fb181c43fc9020f62be08a755331_2,Airport
1a60a71714004301a0eb595374a16b3322_1,Bar
7745f760d61f4cad873993e3fda8492f45_2,Shopping mall
2e47fba9a4f14344891cb3179483458422_1,Traffic street
6ff0a6935a8945c0b4e8f312bb82425a55_1,Urban park
30eebe9ac11f4dfb85b36a36236a3c8535_1,Traffic street
65a7ae5e5d3a4e04ae598de4333a42c528_1,Metro
e797370d2aaf489296168144bc1b6d5d46_1,Shopping mall
cebe05aaddcb444b891493adec9cf0ae49_1,Bar
3289284680f448f49bea7a5f531edb8b50_2,Airport
493ead343eb14e47b780c9a8c6ba229512_1,Metro
35b2ffc20c0b4ba8a1f0f19449ecb37439_2,Urban park
3e1a0953d1a149eea3c069fa912059a339_2,Public square
14d148338cf44871b731003698fa1c1553_2,Construction site
99b6feda319043ff8f856a7ad5496ad82_2,Restaurant
6f256c8e7c514c9489c15e08059b97171_1,Restaurant
3d82421c0b584f658e0b47b91a8652ff30_1,Construction site
7ba5f322d2694bb3b285f967ea31506719_1,Restaurant
2b00276ee2e5444aa312c62cbf4bfd4a21_1,Bus
e7984205d84e4c01b09e85b54b50c3af24_1,Construction site
309d573888aa4e7db02ec9c2f49c17e452_1,Shopping mall
3df4bdc4fe2a4d7a96477da96228139d33_2,Metro
5c283379181b45b4a86bd69f9066284b27_1,Bus
20de5798d8a44981b06e4ee2dddcccc216_2,Bar
854daf7995b2410bae1f15ee1309a06327_2,Traffic street
4541663c93e648aaa1808c842c39aab81_1,Construction site
a2cc09f5ac7e4163b620be0f824facd355_2,Restaurant
0158be6fe0b14bcfb9a0d603805abf9944_1,Airport
63e271bb787f44daa14d9b19670451ed18_2,Bus
55f7b4c0d61f4eb4a6b94026a4f25b8f43_2,Airport
8318b724a659417890e59ee9efd02f2914_1,Urban park
ab1120c47d1e48918da7f02c58fd816915_2,Airport
40666e760769406fac3e4be7440661a19_2,Construction site
68c0a19de2ce4da190cf95faade4a0e04_2,Bar
6416d73ec4984b578a4f263bb9b48ac829_1,Restaurant
8f2eb95888004467b4b88a470483d7d249_1,Bus
837862cda61a4129b36d895f6b87e6ed21_1,Metro
03685dce88fa4f4885fc0d4fe424d3f960_1,Metro
8075b602d8004e78983f08b807bf0ec142_2,Bar
4edf9b6939c24810a0ba35aa84f343a437_1,Bus
abe6bfe524784d12a3761e7a48b8e40c22_1,Construction site
70e7cc18786d49fb84f0cf54675375bc12_1,Urban park
76b8283e23c4434bbdc13c710ed85e3732_2,Shopping mall
869cf65918b4470395c3db3a46d6c96031_1,Restaurant
81d933964f0d4db1a9c7e38b750e958c4_1,Urban park
d3bf8d9805b7413a99cd66f26b18967f15_1,Urban park
534001cc35fe40b0970df055e622fd2523_1,Bar
91a969e5ac1c46319c7b455d7ca888e19_1,Airport
72962bd5171c42909979fff74aa623c711_2,Bus
18db28412ccf49a8bc4c8def098a435c31_2,Bus
20831ccf7678419ba87f2f2992c6a06a49_2,Airport
4abcb73a3ebd4465984906af912ae37641_1,Metro
07cca5d474ff4fccb4d555ed60cd9ba425_1,Urban park
6d721606a7d249a387cc8e11fdecd45f41_1,Public square
3faa9c9a4103426b8a203b5b1b56ec7122_2,Public square
40f411074d9f4631a4ec5fd39aae65ae18_2,Traffic street
d76aee2821b64eefa4463c3f04b656b648_2,Restaurant
30d4721cdc084e6d9648ab1ccba984ae39_2,Bar
911f0393cab24657a2c748f5fee2166e1_2,Restaurant
7b7225a2955a4ffcb0dd983f7bd30e1c58_2,Public square
0be1abfd18d742feb8d9917591329c4915_2,Urban park
929c75da25644d5287b47c3f66cc4f2b48_2,Bus
65705a9a57d8481e8cd5839e3a1def9029_2,Restaurant
8aae90b5e1a740b1a3be390123e0511321_1,Bar
f786c92f657348eca962137287abb39625_2,Airport
2b860df3f87b48c38378dce893c71f6313_1,Metro
3060c1b17f2544f881ce7c9aff47006553_2,Bar
a77302c3df1d4630a250d70467fd32b333_2,Bar
47a2bbcfe75f4ca38257b85303bb6b6155_2,Airport
2f79cd9f292447ef8e55650f15c3f20730_2,Construction site
c1e436108c834f80b29b7e10a4c7461345_1,Construction site
b7dcc64bd46c4f868ecf1fe8516d744810_1,Airport
0a88604a2cc34b1a83b596182e77be7b1_1,Restaurant
87b79a64ec9a40869bf77db47b206a0057_2,Public square
063ca9423cbb4f01a17110ba06f330c532_2,Public square
a245d5dde1884e2980eb7b920715c5c148_2,Bar
4323dafa146d442db26482981ba94e0227_2,Airport
1f776b1ef5f4437892cf730685cb17f824_2,Airport
2660ff10c5e44598825b8e607c8a328012_1,Metro
06e0bc07ff274d13a73889367eb49ba945_2,Airport
83302eb8d7dd4a7eb09ab2e8b98051cb59_1,Airport
23222b70c61e4699a7cd3464998e04d452_2,Bar
1552db78ee314cdf89ef38e6b425e76040_1,Urban park
116d0666b0ad423aa0c06055a644828610_2,Public square
45214899f1f74ceaa58b213a9a67e92a45_2,Airport
7ff282f34c7d4eda8f2427190077416e3_2,Bar
6e19e6c104594064a9a4faca0af447137_2,Shopping mall
b5d16ccaafb44ece80c42469601391f911_1,Traffic street
10527ae279694f248886407e37ca057440_2,Traffic street
7a78ca97b4d540d3b2f0eefad8c645122_2,Airport
0ab5fb5cced2442ba770d8fc6245a61840_2,Metro
051dff3bb9e7439f99eec6379b80007132_1,Construction site
8785b8a78f7f47f8bfe5da99b7332bed47_2,Traffic street
791031f2f0fa4337b8412efb18a8081d28_2,Bus
c4f06aae30b3447e8be5c64e66a49b4051_2,Airport
459813e52493412d9fea745ab446f79e48_1,Bar
565c4af43b8d4719bd9cf15f2d8ee20a49_1,Bus
40c1d7b25fbc4fd8baa4c82f6428666226_2,Public square
6f7be5727f784c9e84fee2b755eec06848_1,Public square
950ae37876b4412e8340737fea3269b323_2,Airport
88e7bc138756425ba39c1e076e4258d63_2,Bar
6445e549ceae4116b60f8e7f36c835e660_1,Construction site
a50adac0ffe64b3eb34e00f849a9b71649_1,Shopping mall
122c785fb6864ac9a17f391a9b55052e47_1,Bus
0d3e6bae5d254bbb9c1a13c118a89e967_2,Shopping mall
4a2452a0be6c4b099ce09227ae8d156129_2,Traffic street
0b725f7791d34e43aa98e75eeaabca6e46_2,Airport
13f7efacfeaa41419c2f00e9ac92e8748_2,Urban park
15789381aa45475b8fb8ca22b17f557521_1,Shopping mall
5032bba3aff34526b3e93af2f78ee60929_2,Shopping mall
18fa797eb486495d93e248b74071b8fb28_1,Bus
8058f7a09c71414ab9e4de7693df0fe66_1,Public square
5f9c7e1a6fb34fe09657c00a1691425528_2,Metro
13b41ecb8e384d5d9cda03158e6f86d032_2,Construction site
ae5d92a5398b437ab25164f031115dd923_2,Bar
a17e0c43d049473d87a71a8e398033f355_2,Shopping mall
2b5f97e3f5d84202a94a2b4a2d9861fe57_2,Shopping mall
276c3b98cf474a89ae70584d72ab3d3d35_2,Construction site
6123109904204aa7bbbef86dfe216dad39_2,Public square
572f3393db0f432ab054308f8e68699230_1,Public square
6faec32d29a44467836382cf1e9292c059_2,Public square
8182c6328b824da69bfb4de6309e7d091_1,Bus
44e9df1b5f454ceebc1138517eead4ca21_2,Bus
4ec45e4cf81e47ff92258ea3c02d9e5910_1,Urban park
ba8da775b214433da9c434cafa4818dd18_2,Construction site
7b51335bd850425eb58671766a640a4710_2,Urban park
77f80aee9b0b46f996457982374daf8b35_2,Construction site
bb27cdf45801488b93f1218ad8a33f0811_2,Public square
1717dc3536904a1284d97170495fdc7718_1,Public square
36aca84f1990460aa9ca8500a40e179e36_1,Urban park
1e83ac895db845578e5574cd7cc0baf910_2,Construction site
a77d3f1bd2e04b89b893ad750fd12a9850_1,Construction site
1a4fa4535c284d1a8bf91cd8885ac24129_2,Shopping mall
8108014b9c6d4937b72414f7d88a71431_1,Airport
59624d1d22904ec78e42be51b555f77658_2,Shopping mall
bccbcfc3a4444135b4a70ccc0a7eeb1215_2,Restaurant
24dd399aee894f2a93a8b9772c2289b546_2,Bar
2c76161c02424e5090df71893e032d5329_2,Public square
05909796bcf241ab837d3784342c06d36_2,Urban park
8615dd6152e141f595ddeafc2e4cd6b653_1,Construction site
0f9344a154b34d34a50104e450bfb8043_1,Bus
03db0354866a457ba28b63992bcfa87926_1,Airport
1edf8d25a9794aeda5be19ec6302249a10_2,Bar
31b54b15da1c46659784fc133407d62e58_1,Construction site
2cfafb932e65420f92f9673733297eef15_2,Bus
6325c52e4839496fb0db9c4073ae433b24_1,Traffic street
a07f7359f9814b6f860b62cdc0d239ab26_1,Bus
0dd653c4e3c84e6c9f4c3abe2a86597f29_1,Metro
3009ec5754004f82ac00b8184970682251_2,Bus
5ae30552afa44a368905fa2947c3787857_2,Metro
1a5defb2db4a4320b446ed155aca57e86_1,Urban park
463f15a321af4b6aacbcf736ca923acc24_1,Construction site
469e52baf21c407b81f1057cc1021a0029_2,Traffic street
588ede1d7ebd4b85952add8f067e7a631_2,Bar
9cbfae8119cb412e8966fc7e5c434c4457_2,Bus
9fc77f1ee0a2423ebc71b43adc44902537_1,Metro
258921f7086c455c8c7f631b7a4b0a3a18_2,Metro
821ed2baf0244cf7a8df3e92bc5303a26_2,Metro
20baccc15d7241d0aef1771d0f7437ae8_2,Construction site
46e13f506d8a4fa88c6b75a6a3be597754_2,Urban park
8136060cea744023a002f557790c9d5134_1,Construction site
961b5056a5a04705b7b3736cfdda1dbc38_1,Metro
c7bb304fbe56410bb4ba03e06b0bda3330_2,Metro
4a451312b21e4781af86340abdd7028a5_2,Metro
3477211aa63340f0aadf79e49561787247_1,Metro
a1ac0c4abdea4b0c8e78562031295eb159_1,Public square
33e23be8325944f8a30c72018b4be8ad4_1,Shopping mall
b194be40270547c9b0ab2b7dabdfb60a44_2,Metro
5af5dae0be444317a0f3519fbc1ed35251_2,Shopping mall
09e8810fb6434bf3ada70619d5b0f7526_2,Construction site
0acf944d50f748b4bc151d79923e323627_1,Bus
1c720316526d4de7a6c36303cea516ed22_1,Public square
983f14ab438148819b436c7ee97180f925_1,Bus
67c6bc4a68934a0195d87e1fe6b8ff5755_1,Urban park
7d1df0aa36f240a38fba42e2a676a69a46_1,Shopping mall
13ba045307b4425c820654bb671eb0ad18_2,Metro
2b64239cafaa4b5b80ecf5c44dc2c00b9_2,Airport
3fffe937dd7247ab90b399fe9dc183d810_2,Airport
43a4a22466204bb2bb7c264f5333dbb77_2,Metro
8e2948aeb88c427381a43a12cf2e2d0a43_2,Construction site
96e79a11cd8a44b0814bfa77d5afbc4d57_2,Bus
1da0d48f62f64be193e798a8b8a6f2ad50_1,Shopping mall
2e726a4e8128433788b3e1b6bf6959d553_1,Traffic street
9d42dc25571e4e11911f1d123a406ca611_1,Airport
5ea73c5baa2647e1846ee2522a585abc8_1,Metro
9b3e3139e791462cac61895db06b8fd726_1,Construction site
01f3baa9b1304ee5945e40023423c56529_1,Construction site
35a4e458398b47e8a5423b7fad38b3c02_1,Airport
6681f9ce9033434f9ce64603ed2448fe41_1,Urban park
53588da3ff1844f0954eda4cf21d696435_1,Shopping mall
2c38a064ea60480eb624d5c0d928014645_2,Traffic street
270fbf1a67d5442a8eea78b1cc6ed2e650_1,Metro
43a53395221f46fda14a65ba08df809818_2,Construction site
6f5b0656f08347a587385497d74ee2d730_1,Public square
b343198634de46f791a5fa2eaf1b586526_1,Urban park
517e65038b834627b5cf1120bc08ee2713_1,Shopping mall
9b7785cb964249b9a6e1ca393081f32e37_1,Restaurant
08e2de5fe8284b3da8cd9c28e94604ff36_2,Traffic street
3afc28cb63cf404b9732161c5446ecdb45_1,Shopping mall
81b707adca274ba181100e31913fd4da33_2,Restaurant
909431ebbff842feb7302533c63d83bc2_2,Traffic street
4d082f0bda9146cbaa39683f2569caaa53_1,Traffic street
64932ad993b64a92ab573c2861a1c88859_2,Construction site
a7d85cb1b023411787be05d8bdc5cb5d14_2,Shopping mall
68eb16a6388643e0913b8b9f198276c735_2,Bus
289de41777774b848be8614abae5427543_1,Bar
f43353e5c56a41688509d108baca0dc419_2,Shopping mall
2efa242e22df4159a25b0ff4810b33128_1,Restaurant
18f8b2c9b8cc409287cb88392baa44e521_2,Metro
34e7c3cfdd7147978f381992ce3df4f536_1,Construction site
9675af9884404fcdaa981150d0d35c6f3_1,Airport
78e2020817fa464496379fdc34623ad97_2,Public square
6237e5d8de784c7c8b0d18f44625700715_2,Airport
b89cb3d68b8547e881171c3567488b6c5_2,Bus
8a01f75c15bb41d694615e632b228a677_2,Restaurant
111d9294b710418ca581602f363422576_2,Public square
b937b678d3374d5889fcd9e33459783014_2,Airport
6462e46c74ba47e686eef69e7a3faf0452_1,Construction site
5ccc257d1fce4d44adc9a48e1d945d6534_2,Traffic street
0266a6e9ac1c41e6b316807ff95cb7ab8_1,Shopping mall
640069c89de0401fb003b5e2374ee56833_1,Urban park
94fed9d2cbd9437ebb17cc2c09c2d30847_2,Bar
7f0ed6a6277e48a9896ee5ed4f9998e225_1,Urban park
08b698b8c5d44fbdb6797494464c6c0043_1,Metro
2aa7be62f4b74ef58c06f47936df552016_1,Airport
18daff2793ff406f801c913b5a2d021943_2,Metro
514a5db6f0bc437c8bd64946f197fa2856_1,Bar
8fc4acd7b23f48e0a18b11c6d3150c0f51_2,Airport
46099ab2e3004a6985d1d22dd2fd440e36_2,Urban park
5c0ac3a96a12441ba9547a3264de3a5a49_2,Airport
9ba3db68cfd542af9ba69d1f3d636f8656_2,Bar
c5238c4a12334cffb366f1e6aaf69b7b60_2,Construction site
2ceeccd0f40e4f1bb1191a404a41649539_1,Public square
4720c42990d8423abc38fb1a791221d424_2,Restaurant
0c33dc48615c4e2e83ffdef8d151898b18_1,Shopping mall
5fc1e36e4f9746c28e6c92f93361d44441_2,Shopping mall
756c9fd91ba3449187b664e7ca6a8fa151_2,Bar
aa79d136de8645598ed49aeeaf1594d71_1,Metro
07916269ad514ff0ae53eec3d056d99552_1,Urban park
4ca9c6f4cd484720aa948f3e878fe41835_1,Airport
a8285e538a174176986c843c75fafcee34_2,Airport
2fa0732f89a64499ac1b832fe9bde35d16_1,Shopping mall
262296081d974230bc93f89546a5c3aa15_2,Urban park
35c0c860a62d4cfca1e70ca4ede203db60_1,Airport
3462f534182b47da8084c22d7cf576cf39_1,Metro
0c732a2908044e0a91553a7153dd868349_1,Urban park
8e0857426e754076b40f87c89bdd9f9e40_1,Bus
c8f4bbb9056e4babaed8b34b4457135956_1,Public square
e33c3d179d3a42c08091504ab6484b4343_2,Shopping mall
3309c57e9fb0420eb7697e77fa2563e23_2,Bus
0d100bcd356047eeb579aacd05bbfa5b28_2,Bus
ce5f455e70884543bf4b36116d13e93d60_2,Bar
5e56453b45bb4b3f854e553460c124dd23_1,Urban park
12010a8bde2146f6a2d89d19fe26fd0a30_1,Bus
34b5243ba0bd46abbae01a57fbea706311_2,Shopping mall
3bbb770f0b994f38b3d005d09c0c56174_1,Bar
91f5cc500c4a47368a6f56c2ce33007729_1,Bus
661620c12b544f13938c714e03460f2417_2,Urban park
17699f9154834c27bbfde0042ba6fdfc58_1,Airport
98342587154c4444b526e6eab304124834_2,Shopping mall
4601aa983aae4edbbf213c01ae8dd7b712_1,Urban park
7d0a7943d5eb4903a59d6e83811b252a19_1,Restaurant
8227287d909e41119f674a2cdc84f9bb23_1,Traffic street
0c7cf6342b624b7993128cabf95eb43355_1,Bus
2a5b8d2f14be4def8460788da87b1e6525_2,Urban park
a0dcaac4728e4ade9145959202fe222d37_2,Traffic street
550f1254f09f4930a8d300eb1d8e20cb53_2,Public square
50b8cf2161404fe1aeec59988291ecba39_1,Restaurant
1f3c795173484dbc9053aa6b61b8348511_1,Traffic street
ca88c929c02c4922b640277687d13bd513_2,Traffic street
50d2579ebc204ecd8be2c5d62ae5941424_1,Airport
6732063acc1945fda727e7c8b572a87b17_1,Urban park
64cebe68f3ab402b86afa8e79b19aa3928_2,Metro
88dbe2aa32734651ac36a0659b72481427_2,Bus
15452d46b35244fe99786732a615c08537_1,Construction site
2865e805faad4efc86b809e24cf9fde25_2,Restaurant
8479d124f5e64d8ea0a19de183685b9411_1,Airport
ff6c3c1ff30041779c2ed5c255783b5e49_1,Metro
652c8362f120473089154a7625f567558_2,Airport
26dd8b53acb147e0b5d97fce9bfdc12b52_2,Construction site
b1358eeec7f9457da7541337acff27cd4_2,Urban park
3bc01512b142432b80a5ff357a042f321_2,Metro
6bbecefadfe44dd0945a6c92d1d2f74913_2,Public square
5667439e2f5d42bcaae1a1bcb029f2ab56_2,Metro
073c3dffcbf14f8182ef2e1dfa5106d652_2,Restaurant
c839ce1102fb41b2a845740d48123d3249_2,Bar
5324590991614a118b3d14dfb7c60ddc40_1,Metro
dd607ab6e5e4453b8ef738772d98e1cc4_1,Public square
08060d9e2bc64300a14f4d9f7df1a40229_1,Shopping mall
3b0ef39a4976436797260f8fadbb03fc43_2,Bar
b19092d7cb1d49a0a87dc2314af215e536_2,Traffic street
d0dc84ae915448d3af63493019b66dd710_1,Traffic street
497471a07f5f46788901452058ecf6a155_1,Metro
8ac732c791c24b3da742b2901af828f942_1,Shopping mall
5ad7aef4e6c44df992aee97e123f1b0c46_1,Traffic street
5aebec44bfe3407292d29ca17aab4b9221_2,Restaurant
52b833615c7848e4bb4b3e34a4a47e8b50_2,Airport
855f4eacb1a24c2f8b7e8c3b3da6460054_1,Public square
dcf1373d8a5c4c339409d44cff5c573c1_1,Bar
48a17f4f1b2a41cdad4540388c442bed22_2,Construction site
6552557027d74e71b8701745b07927fd4_1,Airport
03ef4525cbf142a2b77553db8258edc756_2,Airport
0fae11083e0541a29033c000bfed6c4350_2,Airport
bae34a74193040c2842064ac0121ad4250_1,Airport
50099bcc5b2545f18764f1b9333e5bcb38_1,Restaurant
394bec9099cb42568781d4cc4bbc77e160_2,Construction site
652e2284409e4d1fa1003fdacc3aaf6d12_2,Urban park
51b928e01373493594fbf5eac6e5a52931_2,Bus
55270aa2b3824c058acc307e56d66f542_2,Traffic street
8e048f1e9eab43e1ad9062005add19cc25_2,Metro
891ea2fd0bb84c16af7dea1563ea27a222_2,Airport
071bc47b567b446285a2cf2648fa284e23_2,Shopping mall
18ffc76f694c4f92a1ec8b6f3510af7b12_1,Bus
db8c032dd9a949bf977c0a61b7f96e2748_2,Public square
245aaa4242304c0bbe6ebbb8f2127ca113_2,Restaurant
414815d1c1444f5ca600d73ce02cbde439_2,Urban park
092aa91c01b14c90b31226e1bdbe52cf54_1,Shopping mall
ad37b6c081fd443da2d1df3a602a9f5160_2,Bus
e00ffdb809424dbb928defd826ec7d1736_1,Metro
a8086d0f7a6044cf801dd0cd3cbc283934_1,Bus
c78116fc77f945438d890a8978ac79b742_2,Public square
2072db1fbf704d63b5cc66e462f01afb52_2,Bar
c6f2edc442a443e1b977b7172712ec9523_2,Public square
59260e03f5334f58857bb7aadd61266930_1,Bar
4a2161a630624936adee844581230afe55_1,Bar
cb8312734d0e4c6bbf0299ebbaf421bd8_2,Construction site
44f9fb2205bf4407bffbd381a5851c4d12_2,Urban park
1f00a490a2564cd1bf1987c4ae8e148c4_2,Airport
4e38ee52b8b74103b398035f57636d0311_1,Metro
4ce84a9fd5d0424f912d60aa1a97f64830_1,Metro
071bd7ae5b6c4637b9c3291d0ba6f69115_1,Public square
58a5cf33a95548c39ffbe741ff176a1042_1,Metro
8a0f83d43af94a3b88fc7eeb387f327655_2,Bar
1ebf5075bc884b16a79da855f0eb034734_2,Construction site
d9aa63a4fdf54eddb80c4f904670909626_1,Metro
50015d2d71fb46298e7b5bcd842acd1511_2,Shopping mall
2560208d1c0044209c1fd53a2fec999058_1,Bar
0f908eb874194e18bb4fc3d4f97f666a22_2,Metro
1ed1dcf87342434faf2a49c07687c8af56_1,Bar
478c67ff23904db58fdbe7958e49199730_1,Airport
74810f7d9792483a816276345e11f82731_2,Bus
03ad000377b345649b93b9164ed7a19b20_1,Bar
b128e8655d954ca6b2c54022ba0a85db19_2,Bar
01b0293710e5447895ab97bd9ae5024223_1,Shopping mall
b2d4a558e87d47978723f8a6491b840f15_2,Bus
824974a18d374649b17fa44102aa171f33_1,Bar
ab941b64bde24ae389baf91d022cf15f9_2,Restaurant
9aa555c9bcc448f4aff63f13269220db35_1,Bar
4b6f707e1d0b469d980b30ef5164613f57_1,Traffic street
6163ec50a1ac4007b1075015531847b827_2,Construction site
6c831a63b66c40dc9b5bf3c72c4ba48412_2,Metro
9217480770c34fa1be0170392319644811_1,Construction site
22495d484db745398894cd5684c9f89a12_1,Airport
3c23fe54eb1e47009e04507d38d4eb886_1,Traffic street
008e0d41d80a44e980590199749fdbf412_2,Metro
d08925831dfb40a2a7860fc1ac0d804414_2,Bar
1033827e1e5c453dba50a64f44422f9012_1,Bar
64c8c61e8c674c91b314441563925c0947_2,Bar
97041b1b97dd460a87fc9dc91d80393450_1,Traffic street
536db4505fe44abcb9e25ac90f6031e022_2,Traffic street
00c8e7e872404f1c97dc8f1781e62d1552_1,Urban park
1f87e6648b28466a8ff967c01113322615_2,Construction site
e9563ab80afa41ea9b8856060c05882317_2,Shopping mall
0aaa55e92cde47aab699257461d0c1779_1,Metro
0fd85d77bc0d4a42a242a2a163568dad1_1,Public square
3a3c00812eb24fc4b84328ab6fb81b3f10_1,Traffic street
28f28dc31582427dbfeadb969701b72d14_1,Traffic street
225beb5cbaf24730aa06796de285861642_1,Urban park
52e2a46a9c724ba7a026ade6f820c15054_1,Construction site
477eb3d005f241fca55ec7351bdcda2735_1,Bar
ce3306cc091f4bd28a85ea1f0e85cec110_2,Traffic street
6aca7829bd554f3b87e5447e78d77dd113_1,Construction site
8acc7a89fa5446b9832961bf3057d28f55_2,Metro
8704577b56084df285d412887d3297ae3_1,Bar
dfd4d861efbd4bbc8f1ce0dc524d4bcd32_2,Bus
702b7a3b386e401d9baf72706234bc9216_2,Airport
24b05c50698d479bb0a0d65e931ccbea41_2,Shopping mall
1fd5806c178044fd9079a9e10f28dff224_2,Shopping mall
25bd29887cbe4f808461d8eae83263b257_2,Restaurant
04ddc8a7daf245079e3de6e443a2ae6739_1,Metro
5802bfc7d4b74c8a8af7151f276fe66c3_2,Urban park
141e4fc76ae540f5a4cf56901a7fd7743_2,Urban park
1fcc4db2fea846d78b0e1d7c57affd8233_1,Bus
0a9df6dd3f234c3c90d2b8057f4d544314_1,Restaurant
f0481a648fd54e5aa2fe307cea5b0e4435_2,Bar
36bd9926d5294960a5702733964a820815_1,Airport
8c5389265ad74b43ae66dd82d9b9a83359_1,Airport
e0f21830fb5a472faf07f442205b532154_1,Construction site
174654a038ed4e56b81ac6f7fc6400e656_1,Urban park
104e3d956f8e4bb5a3f90fd0d81c822b42_1,Urban park
732c4c9bd9ca43bebc266f5acb7448fc10_2,Airport
6be07bccfd8e44a2ae8f1ac6f82310155_1,Bus
542fe29cb6e749d5b74a5313f90813e73_2,Bus
1d55ca2edbb846c8b80e8a6532a7c04952_1,Construction site
363a8010885b4a5494eab821ef83ed5a42_2,Airport
799a951cba7241148132782d8bb8f6cb53_2,Public square
72af6e76b92049b1ab7ff1fda059c95054_2,Restaurant
0225218ae16842a09d2f22c1c79bef9e48_2,Public square
1d4f367ce9cb46a29f5d441b27bbbd0211_2,Restaurant
d96944ceb5d44ba5a2bf544bba520a1858_1,Public square
9e53cb30028b42e38cd2cc9b1cc8f4f32_1,Airport
d2bd5af44d3e4cd1ae10014dcc51517134_1,Traffic street
559dcb20f7e84049acb645bdcd22ca8951_1,Urban park
a9177df6cbaf4f508fe11b8a0568f01e9_1,Bus
b5f50bac150f46898a1979777dc3fa0a48_2,Traffic street
2e9f7d1fced842d684e783e03bcf313e45_1,Traffic street
6b442f3bcf5b43509f8878d20f6b279c14_1,Construction site
ac3a80c6cfdc4323b15dc51c8dac9b4124_2,Bar
560834be67ad4e908683395d86a952a033_1,Shopping mall
4e6cd2ab0a0d4582afb5079ba514774642_1,Public square
9fd616f8dee145dd80bf037ccecaa1535_2,Traffic street
0424dd19f8dd462ba3c169b0509dba422_1,Shopping mall
234844a1715d414380dbd7d06848c79751_2,Bar
5311420c7eb643308b34778eedf976bc55_1,Bus
0dc964c928f7434ca0092df86aea28d823_1,Restaurant
acb22d34687d4ee68a9afa48dd58846638_2,Public square
cb9d074e50ee4e269ad93cc2cd64960060_1,Shopping mall
195e7e5a09a24bbb9f070d6c7e8b6d7b21_2,Urban park
a5e9a720f7ae4a87a0909af573ad14e415_2,Public square
3f5a24140c674a2a9332a4d81c2d8a9753_2,Shopping mall
a075750b02a7493f91b715aa7661627652_1,Shopping mall
2ebdec7d3eb54723b53984885ab85f5523_1,Bus
491f1c65f32545e681028f5981d2833945_1,Airport
5a14cb58858a4cee9e83af437caf0a5927_1,Urban park
105760ae7053498991b9c7b5173c87f858_1,Shopping mall
4b2cceebdae64a4ba73edab6b850e1b320_1,Restaurant
9b1bbc993c564f17804521a092f6864119_1,Public square
498a50e16b1240e89f55b4275ad173c443_2,Airport
3ba26e3659084b11a2a7bf36d7c189e218_2,Traffic street
55c6643a224c40f6a395aae1889072ea31_2,Traffic street
353b535edeeb476c8f2a8c1eb975ef1325_2,Airport
094b71b34cbd43f1babfc48feed325fc48_2,Bus
732a51f343d049dc9491ca36aaa060f132_1,Airport
2d770c30a0564011b7a1249b0a6fc94e34_2,Metro
968795c59ee94b0cb660332a0d9096fa42_2,Public square
af0d5324a25c41e891fd82db15a1b2ba50_1,Bus
0b0e747012c5446cba608e4cfa73065915_1,Urban park
ae324ff33dd1458b831094c102ffe3949_1,Traffic street
42365e4a41d446f3b70b108ff07f32f624_1,Construction site
35394ef2ad664262b6e345956777c4b726_1,Bar
0fb84407d4684b5bbfe539673987fd1516_2,Traffic street
160f1e1a06c04f67b3ce1b5cdb7d9fb031_2,Restaurant
0b0f527dacc84105a1f7148e29e85f1d12_2,Bus
a12a2ec03f8744609dcd91389c4c72a050_1,Restaurant
430ba77cf3024dd39db3293df4c9d01f13_1,Traffic street
ad15b5077b014f679952d835d341351c1_1,Restaurant
5f24f7c165e74e50b28ec69b4ce96eba31_2,Traffic street
55e3853a5652412bba6666c8e76230ec56_1,Airport
568432ae120d42ddbad080ac971f28313_2,Public square
817cfe3ef8904a84ba23a189dde3134642_1,Metro
d0529c326b1f4422a806765c60484cf19_2,Airport
ac7eef73451e408c8bcdd264a5eda8e040_1,Restaurant
76544604a71643f8a97037d33a0ead0e59_2,Metro
4b68cc05f9c54409a8f3764a7d285a5a36_1,Metro
7db9769b899b4effb0fee536b2f1ca7417_1,Airport
394ab69ee11c41c49018a206eaeb5c3a36_2,Shopping mall
911aa53559c34204aac6548c84a25aa933_1,Restaurant
1a857072bd844bed9d819df371c34bae32_1,Traffic street
85dc668a34534e8a92ce4a8751e91e2328_2,Bus
21b9c0b82ff34f3890f10974ced695a95_2,Bus
62a681b8c1164627916a6bc49f10b4ff33_1,Restaurant
1e102cce396a43488c897b0b1433d84f43_1,Bar
8877f1f7f2a949bdbd21970e96c15b5013_2,Metro
466ae5650faa4418ab373dee08cc196721_1,Urban park
2991337631a1400a8f9b76915e454f7d36_2,Restaurant
9a94d58a199546fc826dd0755a413dd426_2,Restaurant
de133888fa6b49908a0674fdc637ca1a42_2,Shopping mall
b4146f267bfd4e3a953770c16e743c9d44_2,Urban park
0aa0f82d7d494d5497bfad60b642a1b434_2,Metro
6832fc3779d54755a774126a5c945f6f3_2,Restaurant
2df74bc617b04a40bf429ca8c841cd4b2_2,Public square
75b85fce9e2e489fbed7cde1fbfe62a23_1,Bar
8163d2c313234c17a6badf7a879c7d2025_1,Bus
4f9f8f3e845b43238c9187eb4e6f2a6513_2,Metro
0b6a22c9713b48a68bde34413c4e84dc13_2,Public square
1d4de321cece49eebbc0573e8d51b69140_2,Metro
2fab6b5256414e95a3900706076963839_1,Airport
41e026b35aaf438d848fc20eddd63e6551_2,Airport
0c158c1f8dd74da9a16b4e0a1d9d344837_1,Bus
52737296eb9a4c649f6e661ac9fb163819_1,Bar
5094d775c3064a26b947ef69198b9ad250_2,Metro
7aed749316a945feb932c52b2b91952631_2,Bus
4a712a1f6a2c45818040d494869e6fee9_2,Public square
adfcd33b0c864742b3f101ff4f039f9015_2,Airport
01641049f7454dad83bd45a345f7e7a712_2,Restaurant
8521520441f740bf81f96d97ecf4319343_1,Metro
bcb47f19b6264c1bb2a0e6bfc4f8938650_1,Construction site
654a91ffc0854bd28c262120f6f9a4a046_1,Construction site
5aea31cd488f4b74a93ca73503149c9238_1,Restaurant
8c510a3897ae4d54aff83f06ec9ea13339_2,Restaurant
a7898eb842c84600be431dbcfd04f52539_1,Airport
02dac6c9580e49eda5a9b4b2eb462f6247_1,Traffic street
961187ecb00e4e3bb0d011dbb80bdaae5_1,Bar
8e5d3ef538994d9e90bd2b836069e4d038_2,Metro
69ac8f3614204e238aadbf267f2e1bce36_1,Bar
01317ea1241644c6bb38ef300e5fbd7714_1,Metro
2e52d2800b484663becb411b8711fc0830_2,Bar
5fed04105cf24e86b749b3d8d1ce48b417_1,Airport
21266a5bb0e846f9b04e4fc255cc587c37_2,Bar
780a4fe4272741969a9109f85265d26b49_1,Bar
db1feb9260444f1ba6ce663018823ef81_1,Traffic street
2b30a61028c34e8eb5d67158583d026a51_2,Airport
25c1da01f7994829a11809a35c2cd82117_1,Public square
284a70ec86d54b68ae0430862ef89ac03_1,Airport
48e81704623640f0a696fcc8969f5c1a31_1,Metro
7a3b521dab744d91afe7dd73d18d817c10_2,Shopping mall
10fecac216bf4040b1e3a54b33ed8b2d52_2,Metro
3d85e172980846fba18919e08a20ca9627_1,Metro
baff87234c1841ef8557875454dfa9a246_1,Construction site
05fb2cfdbecc4a78a035e0e5025652c82_1,Construction site
1ae492b5c0234ee3a5e557fd2d2f7b9b36_2,Bus
b99788e98a6c4841b723893f4094bd1d5_1,Construction site
05f5bbbff80a436b8bfa06e9754c955254_1,Airport
297ba66334e24f20a9b86a2b8a27165156_2,Bus
15d13961a756436ca6a6487de66dc26717_1,Traffic street
6792232dea6f4854b43f9d47055f34c138_1,Construction site
3e63971395dc4932a61f096b52ca16547_2,Bar
483fd79109e84b66aed2c2f9a717176a3_1,Bar
14d0c256e2834182a3e67d61d5f5019646_1,Urban park
02b276ede7e44515bdad3bf84a88d17f30_1,Bar
08c77eddd0514ce0b3143d07ad72d2a014_2,Construction site
0c1a248961f74a4ba6f29a57280f9d2b41_1,Urban park
a083dbce113247fca12264943b01040f57_1,Urban park
b82dbde276fe4cc8a9358977916a10f431_2,Bus
71e027663dd24acabbb520ed2830c0392_1,Public square
d82c7350479e4fc195d271cebf9af6fe29_2,Airport
5b212d61fd2441f5ac7a99031d39567559_1,Public square
0767f89c0ed64a71a56b367535dd3f9536_1,Urban park
04f1281bf0314b19ad107dda56f25d4c21_2,Shopping mall
86d21b9ad3a54c54bad7b781a86405a236_1,Urban park
e661a4023ada4c678fdd9a2cd8aab89837_1,Traffic street
2d956538e6ad4a5cb3829810cd494ab156_2,Bus
b1df73c24ed644ac88e61031d274de8519_2,Urban park
cf6df022fd1d494ab356f0749fa31dc543_1,Restaurant
13786f2ce02041aaa1eb2bae8802722349_2,Public square
20f4675b94b74ad8a166d20c6dab7fab56_2,Urban park
eccd52ab1f5741609818982ab7392fb633_1,Metro
8fc14e61f45e47b38c5a6e2e97bf485449_1,Public square
5274ca6cd2044063a44fed0644246aca9_2,Traffic street
15fb664126fb4eb482d8213669f2869819_1,Metro
e29aedc83a8744c2ad805bd5bbbea61c8_1,Public square
cb5ab3a100284baaa09b85b74def850854_1,Public square
200f11e7b41a4a9b9c92007838a3cfb26_1,Shopping mall
24ae3922ec25495881004023194001877_2,Airport
bc7bd139ab89466c821b420dc4e08a4415_2,Bar
0cb4b030e568494a8b9f198895a68d0a33_1,Public square
3b58ce71c9314c0d9d2b896b02f2a40214_1,Bar
d94f7911a174445a861904959411edad21_2,Construction site
62aed6aca6a5469782f0069e8fbcec4718_2,Traffic street
017e88feb175465bb97f8f712dd70a2e44_1,Shopping mall
1242b12e26e2499e9651dfad072a51b528_2,Metro
554dda186ce14631845c34ff3702251138_1,Shopping mall
133db684d6ef498d918af6aeb2effd0453_2,Traffic street
4c69f6a3c2444845b53a643dc975861539_1,Bus
35ae5f4bdaab4904b385dfc57fc1bc5256_2,Bus
1d8c9097aeeb4071a16c5c1941fa7ddf48_1,Urban park
3f6c2332b2164f8a8d637dd1db931c688_2,Metro
11188839cda74ae2be6d303a06c1d1d511_1,Metro
33b12864a273457b90cc0f11dcf2c88546_2,Bar
94411cc8a55e4866afc9c2a51edbf43a41_2,Airport
9017a5f8592e40c49a31e62cdaec3b8618_2,Urban park
65da067b25224583adeb9e0c6c46647420_1,Airport
44a01dac548f4d1faa8229578bad402a16_1,Airport
747b8dd9cd6847d09b26ac5ee859b98f20_1,Construction site
0d521224b15844d6800198f7c95c350944_1,Traffic street
94eb5b41daa24012b114962a5ad994e016_1,Bus
090427127d3a4fc597fadb681b90b36121_2,Public square
2b90ecffb4d34ed39ae09a98ab18660921_2,Public square
816ad173e9394e70b6c526afbefc305e7_2,Airport
4729c5c0a4414f2eb0f31a022ae028f614_2,Bar
1f1a328794b342b98f216408bc81340f57_1,Bus
6a3ca41d691247eb80b39ba19693595a26_2,Metro
87714ad6e9714f0ebce23ffff6b062871_1,Traffic street
24a5d100bf7940629eb42bfa67980f3d1_1,Metro
9075939e0edc4a58903df1e01ea061ff52_1,Bar
5ebde65913534d40b7ed67d0d3d9f87758_1,Restaurant
3779f79a9f324f38a121a8282d40ba5f2_1,Airport
d1d1c6d0c916415f97a941072733fca54_2,Urban park
b4ded14194624ada8c16830f64f52dcc3_2,Bus
5798cfa8e0e246a2bcb7e68aa55fba7357_1,Airport
3e1a2dda0ab8412d922f970298f7c2e849_1,Bar
2da528954def4010b9f91207588a855510_2,Metro
2bec69ca2ab7404581d2191e0ade1d225_2,Restaurant
5536862ffe5b4df7bc8d474ad24a36cc2_2,Bar
42211676124f4e6986977237a269ad401_2,Traffic street
5d23885c94604aefa747da584d34b39255_1,Restaurant
18e9aea9f73c479f8377e86304bcec2915_2,Bus
20bf6cebdf8342f291955ca77502030010_2,Metro
9fbc4996851442338ac1da61fcba2a7f37_1,Construction site
4c8bf08cd1f44781846d68209461ff8325_2,Bus
42812ebb78324551841693fa810761c840_1,Urban park
5b0ae6a908cd44e58de4521818543e2f36_1,Construction site
9c85536bcdf44caa8b8d9db99e6fb10114_2,Restaurant
0dfe36645ac1498f82a6edd02a38ac743_2,Shopping mall
898c47484e254d0583dbbbba8a00375a41_2,Metro
46295f9d689d4c789567142ab9dbbad216_1,Urban park
1190bd4ce6f54eefb89d033e7126285616_2,Airport
1073afbf105c4ec38743c70fb44fbca47_2,Traffic street
50defe9e86e846918e289e844aad28b47_2,Public square
7a72bacde7f04a01b1d34ef4ea75bbd49_2,Restaurant
001bc711b00b449e9356799259bb9f9711_2,Construction site
22167aacbbe240dab5ed0fe3021e2d7b51_2,Airport
0c36b5b6b78d409484bc8c6357410b6c40_2,Shopping mall
1de4a5e0a40e4293b6bf308970430b4d28_2,Shopping mall
0f1d461c128e457bb28c574decacf73e60_1,Metro
62a22bcbce944aeeb01d925e82735e3e40_2,Restaurant
729e3ed9056f47a8846ab0fb2bc5181745_1,Bar
9ed4df6544e64aecb750bdf01149f27518_2,Public square
1ae3c684dd854c77ba3eca1c1dca4c2e49_1,Bar
93790a8caf3646548e285518b52d6d7b51_1,Restaurant
f3f2c34b37f04a9b9ab265be283a691e5_1,Restaurant
3b028adb1f1346e085ec5163deec7ebc54_2,Public square
9608f80e6fe0410ebeb7dfaa8f20065e7_2,Traffic street
0bf412bb9ad24e39ba07ed9e4d06c3738_1,Urban park
63cf35c944aa43f6a439ad8869df3d4143_1,Airport
31538b9e7067486b8f41e96952cc78cf38_2,Bus
8fd6d7345c8b4ba3b8fb21b84c78f4196_1,Construction site
135a753de7bd476ca98f465eaf6556a550_1,Construction site
28c6d76997fd464489388063d2d68eb150_1,Public square
6503a26ad6e34d9d9360948aaba8325e48_2,Urban park
63654c16de414e959fb8a11e0be5b12f4_1,Metro
a132e08336a44f0481ec1f2a123b952d41_2,Traffic street
a4b70cf8943b4c1fa729675159ee4e9527_1,Bus
3e4234aa24d54f5498895c270aca379b10_2,Traffic street
092484d385a74939b09b342a1f0e63ea35_1,Bus
6461a02b6c454577b1dbc1800597ff7e57_2,Shopping mall
614a4f545a1745128b1b89fc65a757c024_1,Metro
502eb346dd6f4c31a24ffa46056814fc55_2,Shopping mall
096e684e3ec34a1f890c2dfe98fb0f9849_2,Traffic street
5841384664a841ccbb6aad50ae34643723_2,Restaurant
0db91e5b0493486fb88732acf408198a48_2,Traffic street
3992e0dde7fd428693c90e7ec416a5ea20_1,Bar
9ef60bb2e7d340c2b0beab06892b37b820_2,Construction site
0dbb3f669500412fae75d92801c11cfe2_1,Shopping mall
4f650116c7d143a093f1cce42c60b95f50_1,Metro
2bf15f06ead14fd59f8cdceef3a14ec98_2,Metro
644cd8ee99cc4136a111e954abfc20034_2,Bar
089a909406074eec964cea43fdd8e0f18_1,Construction site
0c575280d6fb4edea3d4de4f57d42c8835_1,Construction site
ddc56de637374ee38f611876838162c69_1,Shopping mall
4949810c2d2e409c838b92d62afffa7040_1,Shopping mall
4bb3b9bdc3b34ba49d92ac5fa165511e15_2,Construction site
200ec5f3a82a46cf9702cdaa1df39f741_2,Construction site
3801b67568c54c8e9ac0a663995e8d3659_1,Public square
aeee99de16f449549235e527f34f2c0613_1,Bar
4d46a2eeac654d049900784a5ac289034_1,Metro
e2e00e57c09343b0a0143e6fcae8f86556_1,Public square
021c7b0b0f6b483f983b0ea1ffe1f1b820_2,Traffic street
5a3ed6ab70544f3c91f573ef2340ba5132_2,Bar
d2c6f940c99c4bf3bba2f9a012c165cd1_1,Urban park
36f50744bd1842449469f291ddf7317214_2,Traffic street
17ed9b5087bc487cb2a048f024fd464711_1,Airport
103cfd76bb45419785c5829ee0a1af7321_1,Airport
21c6e14325244d29b8dc8fd6e9d684e030_2,Construction site
0e2770db51d046e2a61a7574e9bddebb33_1,Traffic street
4d11e510477d45adbcd46d1556c92be648_2,Public square
8d8867974d0d45e8955243cd4d4360d014_2,Urban park
434a8365bee1406387c973d4f8716c0051_1,Airport
27107ffc30c84825a9f58383b6a37a0848_1,Airport
947ee49bfe2842fb88693b348566aa816_1,Shopping mall
6d0ccd78013a47cab0c399ac573fa48b44_2,Restaurant
17f4f0da30444c10bd6100547088723231_2,Airport
d6c3a5d2df2b43a391f7f988d70ea71313_1,Shopping mall
5bbe08aef669403bb1da722c9edda67153_1,Urban park
64256f38e7e64254991689fc208010b957_1,Public square
6b2d8aa41048497dab88a83628bdaab740_1,Restaurant
0d01848bd6384c4aaa672e05d0f0b8eb59_1,Traffic street
00de668df14c464ca01cb690e814694842_1,Metro
1ceda20141764ee583dee2678d3facbc60_2,Metro
10fbbb28551d48a0bfb5e1431a57f45f42_2,Shopping mall
72da0d981af24ac1826fb5beaec9929728_1,Shopping mall
4f8e1ee6989a48fa915a811014a457db39_2,Shopping mall
208e927a0f214df9ba46d27f28d8ac1d5_1,Public square
194826147a3b4df1a178b86df9fb549d16_2,Public square
14e5cf10a1034394a47dc40e62eb0cdf30_1,Restaurant
1ac4817f76d746f592bd6d41ebb263e822_1,Bus
16ebddec41364c25820e32a93b3bb61c45_2,Construction site
209cd847737b40d0b3a3d8e681e4cbf940_1,Bus
9ff3aa859624472cb0149b3fa91da7e315_1,Metro
0e90dcf4ed744da48029339526d5e6c930_2,Urban park
2ca4d27d284248c5a1082e647b685b5a39_1,Airport
0695a65163504d56a4f25e7cef65dd1b26_2,Metro
3f40fac2a23942e7b8390e692f899c8345_1,Construction site
20ad1579fd8e42c3a7baa6317078f69c8_1,Airport
b697abffece34ef69bf8b89112eded0a11_1,Metro
f43c04719db8459581424ecfd0c99f5416_2,Public square
5e23f0a5704041a8b7ca284ebd4cd5e813_1,Bus
1238bed2133740119d57b535d72ae95d18_2,Airport
2c050bfb3adf40248b5cbfdc1a6f21fc54_2,Traffic street
200c13489eb24b4abac7e929b1f3f34144_2,Traffic street
65c17196efdc453e8e47a69a4a1b5c9027_2,Public square
17965d42de924e3d9de6fc2ed919b06323_1,Airport
bc0ba933b1f0408583916be0aa0b9d0757_1,Bar
940bb2c0b2a44801b8a5fc2f9b452d7d22_2,Airport
749f322a612442f690e48c88b59d276022_1,Urban park
50fef8a52d6b42649775df090240641b41_1,Restaurant
2ba4a7ede4614b46b32642f1a9e78e9421_1,Airport
0de2691e9e814d17b56675f487ad50e24_1,Bar
7ee37cecd5bf490a90c3472fab9a573010_1,Shopping mall
8690d1baf2d94c0982d069820c21740232_2,Metro
2cd54832b0e64eaab54b0c9a562f7ce254_2,Restaurant
6a9ebbe47dab4b95b4048e54c32619f338_1,Restaurant
08294fea853a460383f23e6fc1f03c9154_1,Traffic street
bea4e5ae0968423e885fd16fe5b1a09812_1,Public square
768f072150d547e69b99a29536b4021930_1,Construction site
06e54ab1f45c469ea8ab1e7073e09f8f39_2,Metro
208c2b04b2d74aa39d175bee6cadc9a941_1,Bar
55e8a78362bf458582b7dfbdfc5707aa47_2,Shopping mall
1960b01452034a2886985bf2d41a99a724_1,Bus
c87fed7fafe74a379e9d253081b86a5648_1,Construction site
4c94b8f6237a4f1da504a169d6854fe829_2,Public square
155b2ebfb0c04e18a945fe27f97e5ba459_1,Public square
7fc7f17bbf3646c297700e7887fe67b93_2,Metro
828e966148a94814ae20f6be9289a0b356_1,Construction site
4ba55b013ec24483af8f12611c1af15f26_1,Metro
1a394d27d18545cc804e3f07942dfb1638_1,Shopping mall
099805da7316432e8bb4ca3724be82828_2,Shopping mall
3a1e13c4fdfb41f8b4db823a5f45ca0613_1,Construction site
410381bcc3a544089ad9d02896ea940f25_1,Public square
935c6c9a000c49819e3f9b10e509ed2239_2,Bus
72abb813e7f44717b459fd570f93f99311_2,Metro
58dd376f230444e2bc9b299381daf7dc35_2,Metro
c5858c28e5d44fd1a442a51b0c5be2725_1,Urban park
13230b1ef5f34c4696baa28dc12d6a4919_1,Shopping mall
42814794f0e4480695cf57fc1ae3d53a46_2,Public square
af50f7b5478a472e82076db8018574d022_2,Airport
edf40f941a8c48049b492a98d68f4f265_1,Traffic street
20de5bc0209b462792a4518a6e90e00822_2,Bus
08fc84227a79415b91c061579f6ea0765_2,Construction site
39ee115988e24aa6890db554b58acb7623_1,Bar
11dcf894bd2a48d589cb922738fe10c218_2,Urban park
41063dfef4994298ac57813d269ac62219_1,Urban park
3d28de2ebcf0419d9d5580bb80a38dda25_2,Airport
ad6a75f454e7475c880f41390bb07fba12_2,Bar
442400e41044406fb6a8c7e23ff6c7b714_2,Public square
4a34618b4e3445fa94761ad8a7d24ed943_2,Construction site
37578d9ee66a4df5b45be7bede48df7316_1,Metro
c9f39c1226db4f358e77ce0d0e5cbf9716_2,Bus
525ce11115f24d189c3a0a0a8e73693a15_2,Urban park
375d842fc2c5417589df12280777a65c10_2,Urban park
305668ea0def41e7931e6e3a742daa3f8_2,Public square
d2771aec831145bc8df8f9e3d04ae7e64_1,Bus
188b286c80b34467abeb0a0137e118e848_2,Bar
29819b25d5b240c68601e2775c148cfb33_1,Public square
4d15e160582f4ca0aef39668b1461ebd47_1,Traffic street
1916e3a411064fdd8f6e8bfc082e0c7e1_2,Metro
107f98b96d064dd58028e4ca91dbd44e10_1,Shopping mall
0972f220d796418fbb7c4466ea86e3a32_1,Construction site
09acafab9a9a4605afcac9fa64007b8c40_2,Bar
26bec2cadd734f9f8d18368c56c5a1ed31_2,Traffic street
1e1dd15bcb354047965de92a5f57dae050_1,Bar
5abb508f2bb84911bcabd70719b8b7424_1,Construction site
5e5794340e744359ae7b2d6c82ec2bd133_2,Bar
a749c26a5e7c41038a3f0dca97bb4cd58_1,Airport
6ab9199dc50e4906992514d1f44efe5f44_2,Construction site
3173c9cbabc94aca937aeeaee44f5d8438_1,Bar
0bbf4d0322e64dfe8cd6559ade62220d23_1,Bar
50cdc25ca2c94a3184bbd03cb3e07be927_1,Metro
574e842f023a499a839e3ebbb145e4c446_1,Traffic street
3e6453cad75246398a1cffcec1d47d9116_1,Shopping mall
683681b229734edba217673d146201b527_2,Bus
b3e25e1b63774fe8afc39288729d25ee19_2,Restaurant
c998fe6a5e3c453cb50896828dc2c1d013_1,Restaurant
0a3e5392f85d49c4bacc1dfc3b5c8eb546_2,Construction site
597b4ee029f048338d43f029fdb8381958_1,Metro
77b6062c562b492bbf2a271186380b2e17_1,Construction site
6c048a8a45bb4eee84a9f3451c754efd14_2,Airport
54591880ecbb432189afb669117e62da27_2,Bar
623a4d17def845dd9d706b54f14646e230_2,Airport
11aa36d319fd46a9802c2d106168671315_1,Bus
238ce437a8d443eba30a4bb3091773dd6_1,Metro
106d91d2fc1a483a94679fbc9a06d14b2_1,Shopping mall
326b73d3ed62402eac65b944b75647c943_2,Urban park
598db3921e0e4403bf2b14c5c03940322_1,Airport
0ba32b80dc914fac98a43633866f24a142_1,Restaurant
101a62e67fd0457988f85fc8ee653f9825_2,Traffic street
535a537cf37e47488906a0836b8c698b10_2,Bar
a2734a7f867b496589ab1e3c1b99c05a21_2,Bus
05d4ecde01c1429ba6c975f78f7f3fd127_2,Metro
571e6bae510b4681b4378cbb4a4bb7d629_1,Construction site
5359027243dc47328d27118080e5605d33_1,Restaurant
02b4a908e72a445099bcb40482e55bef17_1,Airport
065b9b820d52495d9fc59b5fea9e9f7149_2,Bus
0eeead64a6364913916f93d7db498ab552_1,Airport
5ea2839bf59044f5847d9949296a7f873_2,Construction site
1c778793274e40919fc0d6a49e5d53d722_1,Public square
c902a8a5dfb94321ba7395663d2d554f38_1,Traffic street
caa3163911764753ae98a5ea2a571ca61_2,Restaurant
22d64b9dfb2146e89478908f0b7bc1dc3_2,Airport
c8d1cddb80d1445b95f0d5731320baf528_2,Traffic street
04c4fb99ee544777b579e203de1fb0a923_2,Traffic street
d642b6447b384cdc84e61bdb0c1b942341_1,Airport
02f9c052205b4760a9206ae08c3e6e9d41_1,Public square
bbbde636f5fa4a59bdde5d60701461aa22_2,Airport
a7b48ef0095c48d99a480251a2a9d5f755_2,Bar
c05eb3be33334852983fcc6e57b3d51410_2,Construction site
a9599d1141894faeaa9a18b8cd61171a53_1,Public square
29cbfbb6d0994bee879c9ee502a0cdf828_2,Public square
38fff5dfdf454efa98971fbf4c6a3ad945_1,Metro
177fe01090cb4c6894bdabd0a027cd925_1,Airport
e36ddafabfe54f5d8910ddca7c72feab7_1,Urban park
5382c36dc2e145888933ffa9f326085429_2,Restaurant
1138218b17fa4c9e81ca4980044e7be039_1,Shopping mall
27fb420f8be14d489ae12d6d57672cbf39_1,Bar
36e9952fe62645a695380ad33a55187e30_1,Public square
8864bfdb24f448d4a2fd89db469ccce746_1,Traffic street
805bb86ea02c412499e8e905b3dbf2d740_1,Metro
514b9cd4dabd4cafa7e414ac62033db52_1,Urban park
43fd9361900a44038998a36e7c6d51f09_1,Shopping mall
16cc04a6443244b38895fbf4010e59801_2,Bar
747e6407a9034091822a83971a25402339_2,Public square
71c146eb47674752ba9e39c68a00349c37_2,Metro
c22c945dfbc94bccaf2598e82855d29835_2,Metro
c9015f6956914fb1bfeddc4847660d4439_1,Public square
46d78924100b4c8d82f7c0b1211402e853_2,Bar
2eeb97229ae14ed39c6ad79ebde8cc6643_1,Bar
7ee3a53091c645c5a87b3d95ba8cc4fc30_1,Bus
cae767889da245a9847913fba60d0f2551_1,Urban park
46adc43c05c348b795b75466ba45fe538_1,Airport
a7b52bfc86f642cbb186224260a8da3323_2,Traffic street
037d33708bbf4813978d96fe3d51536158_2,Airport
24766913a1634e8191c976ecab0d04ed21_1,Metro
728344a8615840748ca96cd9012aa14844_1,Metro
5d4abd73821946d5965db26342d6e80357_2,Bus
58d9c793d0a34df9bec2bc0ae658fdf034_2,Restaurant
532a10b8e08f4731b662f64f0656810232_1,Restaurant
881cd34ce6854018aea55f8dd60e813433_1,Restaurant
801d4d15bb6440f79e0bc31fcc4bcd1d33_2,Metro
45f4dd1b934246d99b3a2b298854ad4b28_2,Shopping mall
05ea485a992b41e5bceb92d519d388d813_1,Airport
dafdd02eaa9844bfad42b2688ea2049835_2,Bar
761c599f620d470f8683c6c53f33bf4f6_2,Public square
4ba44ae01aa44ea6a7b648a4b572680614_1,Traffic street
17d87326be8d4c7d888ee7e78c039e2121_1,Construction site
d18eb1d3a158490c8ceda57a4f879d5c53_1,Traffic street
1429600bee734f38b16ecc06187c35c310_1,Public square
d21bfcce6941445b8eb6ec11640cc7d244_2,Public square
4222730989a349bc92643b1d7d719c4223_1,Urban park
8427b00dfbff4203983152a352d7871844_1,Traffic street
5d9931f0cf804f1da5e200a6d68161c458_1,Shopping mall
7fcf2fe0b3654a27a8e1378c434491b219_2,Restaurant
582f933fd8f34fd79e765f65a3fb6b2336_1,Metro
20391f52fb3f480caf9ffbe07165d2c042_2,Construction site
4384f8387ba04a60b697039a772b20e916_2,Restaurant
499066b367364c7392b5351edb7f663017_2,Airport
2e5d3be4f40a4fefb7d1d42652a1511c24_1,Metro
49de074c43a74e7f9361198a2c53382511_1,Restaurant
3a7a30e258074e18a508e226b19034615_2,Bar
5ab860cb4c5d411bac49eeee9afee58c40_2,Bus
25157f0288e74cc1b96663fc6c0d418e39_2,Bus
81d281b6cc07415da993cf1944a87b8627_2,Bus
bcecd169e83f4ec0bff98107405a53111_2,Urban park
8f2fe3caa43543e296a1923c08fbc77d4_1,Bar
74919688d40c4cc09d271cea9762a3fb21_2,Metro
9ae5c79fa9ef486ebd022b2802c2ab4617_2,Traffic street
0f0776de08a34a82929e94ca42d300f737_1,Traffic street
b9984b703fe74a3faf6dc3ff5e87fcea31_2,Bus
4ed5cbaed1f94ded9796a839973e33e638_2,Metro
63bc0aac69734d3bbf48f7f6b80642e538_1,Bus
10b717c7979f495886d843873521be0044_1,Construction site
7a5e202ebf2244d0892335e0e450c03f39_2,Shopping mall
9c09b9480a6144f3bd6805662cf63ce111_1,Restaurant
23050140a1af469e889f48c3da8a539437_2,Construction site
10da59c3d82c4d5794a449d91548933324_2,Traffic street
20912b7033c84bf4a77ee9e159e3f75d37_1,Bar
207d60eded9742f282add3b21308536540_2,Shopping mall
61bbab62b1b34ec1957788d729c8b3ae12_1,Public square
8fd21563a8e848ce88eb1174f722f55012_1,Bus
228674adb65843ee8bbfb9fcdf7f340859_1,Metro
1dcc54888ce843dd89749d8797bff18359_1,Construction site
2c6e93fb66e94eefae8e96e9dcf0f92531_1,Traffic street
bcc9c42240e94dc3acf6cb611cbeac3213_1,Public square
a28a414757854794b036f1533627a3b853_2,Traffic street
8ab9f9fd4af243918211c787160d0ae48_2,Bar
07ab3cdcb6cc4286b085f53decf6855a33_1,Public square
78406bcea8ee47cca877cdf7b205c0d28_2,Public square
10438c4260fc4c75879b86a5b3680cc760_2,Restaurant
84728d2e124c4d2cbe6ee01674b201f112_1,Restaurant
93449d227d33468e97ef70830a2135e320_2,Public square
7dab19e59ea84b4791e5ae5c5c8e4c375_2,Traffic street
7baaf49227974e8ca51c5dd9d79075d938_1,Bus
1c9c1c25b24c4d3bb7ed38e538799bef32_1,Bus
0f3e8d8dd8de4058883d1483e2d5753142_1,Bus
bda86fd87d84487eb578d0d7c356127750_1,Airport
e026dec332ba4927897ea1d395c45dfd30_2,Construction site
46454b2ed33e4c6696c25a56dc8789e59_1,Metro
1ae65a308aa84617b4523470f32987bb53_1,Urban park
a6a9dfc001fb48b5a6e5082862b3162618_1,Bar
f2d9b054f8ee403d93280583c91f965a40_2,Public square
2faf08db143c453ea378d2be4c058ffb16_2,Metro
09d378d85789489183f70b2dd42ec62c5_2,Metro
257420201e8c4403b0f6777d77268b5f55_1,Airport
47e6f8a6298746618db45d86bc17c83f59_1,Bus
04e3e22c25264d8f869b6a609ed47cee43_1,Airport
9aaf57ea08714497a090e659ba00f38d24_2,Bar
4866538b54fa4793bd4283d9001394fa21_1,Metro
4b2eebb061e64a90b89dbe638671ff7e41_1,Public square
ed03c0c900094312ba896912bf6d412957_2,Bar
3a82d9d16cf64faeb42eccf1a559277f31_2,Bar
